frame,time_seconds,student_id,track_id,x1,y1,x2,y2,center_x,center_y
1,0.05,1,1,200,215,280,313,240,264
1,0.05,2,2,292,113,352,168,322,140
1,0.05,3,3,233,155,306,221,269,188
1,0.05,4,4,432,132,486,193,459,162
1,0.05,5,5,231,132,292,178,261,155
1,0.05,6,6,31,198,86,252,58,225
1,0.05,7,7,83,188,136,300,109,244
1,0.05,8,8,475,143,522,184,498,163
1,0.05,9,9,465,202,530,263,497,232
1,0.05,10,10,504,181,574,252,539,216
1,0.05,11,11,59,164,102,209,80,186
1,0.05,12,12,98,146,155,212,126,179
1,0.05,13,13,59,188,134,286,96,237
1,0.05,14,14,120,120,182,202,151,161
1,0.05,15,15,472,181,574,260,523,220
2,0.1,1,1,200,215,281,312,240,263
2,0.1,2,2,292,113,352,168,322,140
2,0.1,3,3,233,155,306,221,269,188
2,0.1,4,4,432,133,486,193,459,163
2,0.1,5,5,231,132,292,178,261,155
2,0.1,6,6,31,198,86,252,58,225
2,0.1,7,7,83,188,136,300,109,244
2,0.1,8,8,475,143,522,184,498,163
2,0.1,9,9,465,202,530,263,497,232
2,0.1,10,10,504,181,574,252,539,216
2,0.1,11,11,59,164,103,209,81,186
2,0.1,12,12,100,146,155,211,127,178
2,0.1,13,13,57,188,134,286,95,237
2,0.1,14,14,120,120,182,202,151,161
2,0.1,15,15,472,181,574,260,523,220
3,0.15,1,1,200,215,280,312,240,263
3,0.15,2,2,292,113,352,168,322,140
3,0.15,3,3,233,155,306,221,269,188
3,0.15,4,4,432,134,487,194,459,164
3,0.15,5,5,231,132,292,178,261,155
3,0.15,6,6,31,198,86,252,58,225
3,0.15,7,7,82,188,136,300,109,244
3,0.15,8,8,478,143,521,184,499,163
3,0.15,9,9,465,202,530,263,497,232
3,0.15,10,10,504,181,574,252,539,216
3,0.15,11,11,59,164,103,209,81,186
3,0.15,12,12,101,146,155,211,128,178
3,0.15,13,13,59,188,134,286,96,237
3,0.15,14,14,120,120,182,202,151,161
3,0.15,15,15,471,181,574,260,522,220
4,0.2,1,1,200,216,280,311,240,263
4,0.2,2,2,292,113,352,168,322,140
4,0.2,3,3,233,155,306,221,269,188
4,0.2,4,4,432,134,487,193,459,163
4,0.2,5,5,230,132,292,178,261,155
4,0.2,6,6,31,198,86,252,58,225
4,0.2,7,7,82,188,136,300,109,244
4,0.2,8,8,479,142,521,184,500,163
4,0.2,9,9,465,202,530,263,497,232
4,0.2,10,10,503,181,574,252,538,216
4,0.2,11,11,59,164,103,209,81,186
4,0.2,12,12,99,146,155,212,127,179
4,0.2,13,13,61,188,134,286,97,237
4,0.2,14,14,120,120,182,202,151,161
4,0.2,15,15,469,181,574,260,521,220
5,0.25,1,1,200,216,280,311,240,263
5,0.25,2,2,292,113,352,168,322,140
5,0.25,3,3,233,155,306,221,269,188
5,0.25,4,4,432,134,488,193,460,163
5,0.25,5,5,230,132,292,178,261,155
5,0.25,6,6,31,198,86,252,58,225
5,0.25,7,7,83,188,136,300,109,244
5,0.25,8,8,478,142,521,184,499,163
5,0.25,9,9,465,202,530,263,497,232
5,0.25,10,10,504,181,574,252,539,216
5,0.25,11,11,59,164,102,209,80,186
5,0.25,12,12,97,146,155,212,126,179
5,0.25,13,13,62,188,134,286,98,237
5,0.25,14,14,120,120,182,202,151,161
5,0.25,15,15,469,181,574,260,521,220
6,0.3,1,1,200,216,280,312,240,264
6,0.3,2,2,292,113,352,168,322,140
6,0.3,3,3,233,155,306,221,269,188
6,0.3,4,4,431,133,488,193,459,163
6,0.3,5,5,230,132,292,178,261,155
6,0.3,6,6,31,198,86,252,58,225
6,0.3,7,7,83,188,135,300,109,244
6,0.3,8,8,480,142,521,184,500,163
6,0.3,9,9,465,202,530,263,497,232
6,0.3,10,10,503,181,574,252,538,216
6,0.3,11,11,59,164,102,209,80,186
6,0.3,12,12,96,146,155,212,125,179
6,0.3,13,13,64,188,134,286,99,237
6,0.3,15,15,469,181,574,260,521,220
7,0.35,1,1,200,217,280,312,240,264
7,0.35,2,2,292,113,352,168,322,140
7,0.35,3,3,233,155,306,222,269,188
7,0.35,4,4,432,133,487,192,459,162
7,0.35,5,5,230,132,292,178,261,155
7,0.35,6,6,31,198,86,252,58,225
7,0.35,7,7,83,188,136,300,109,244
7,0.35,8,8,482,141,520,184,501,162
7,0.35,9,9,465,203,530,263,497,233
7,0.35,10,10,503,181,574,251,538,216
7,0.35,11,11,59,164,102,209,80,186
7,0.35,12,12,96,146,155,212,125,179
7,0.35,13,13,63,188,135,287,99,237
8,0.4,1,1,200,217,280,312,240,264
8,0.4,2,2,292,113,352,168,322,140
8,0.4,3,3,233,155,306,222,269,188
8,0.4,4,4,432,133,487,192,459,162
8,0.4,5,5,230,132,293,178,261,155
8,0.4,6,6,31,198,87,252,59,225
8,0.4,7,7,83,188,136,300,109,244
8,0.4,8,8,482,140,520,184,501,162
8,0.4,9,9,465,203,530,263,497,233
8,0.4,10,10,503,181,574,251,538,216
8,0.4,11,11,59,164,101,209,80,186
8,0.4,12,12,95,146,155,212,125,179
8,0.4,13,13,60,188,135,287,97,237
9,0.45,1,1,200,218,280,312,240,265
9,0.45,2,2,292,113,352,168,322,140
9,0.45,3,3,233,155,306,222,269,188
9,0.45,4,4,432,132,487,192,459,162
9,0.45,5,5,230,132,292,178,261,155
9,0.45,6,6,31,198,86,252,58,225
9,0.45,7,7,83,188,136,300,109,244
9,0.45,8,8,481,140,520,184,500,162
9,0.45,9,9,465,203,530,263,497,233
9,0.45,10,10,503,181,574,252,538,216
9,0.45,11,11,59,164,101,209,80,186
9,0.45,12,12,95,146,155,216,125,181
10,0.5,1,1,200,218,280,312,240,265
10,0.5,2,2,292,113,352,168,322,140
10,0.5,3,3,233,157,306,223,269,190
10,0.5,4,4,432,132,487,192,459,162
10,0.5,5,5,230,132,292,178,261,155
10,0.5,6,6,31,198,87,252,59,225
10,0.5,7,7,83,188,135,300,109,244
10,0.5,8,8,482,140,520,184,501,162
10,0.5,9,9,464,202,531,263,497,232
10,0.5,10,10,503,181,574,251,538,216
10,0.5,11,11,59,164,100,208,79,186
10,0.5,12,12,96,145,155,214,125,179
10,0.5,14,14,120,120,182,202,151,161
10,0.5,15,15,465,181,574,263,519,222
11,0.55,1,1,200,219,280,312,240,265
11,0.55,2,2,292,113,352,168,322,140
11,0.55,3,3,233,157,306,226,269,191
11,0.55,4,4,432,132,486,192,459,162
11,0.55,5,5,230,132,292,178,261,155
11,0.55,6,6,31,198,86,252,58,225
11,0.55,7,7,83,188,135,300,109,244
11,0.55,8,8,483,140,520,184,501,162
11,0.55,9,9,464,202,531,263,497,232
11,0.55,10,10,504,182,574,251,539,216
11,0.55,11,11,59,164,100,208,79,186
11,0.55,12,12,97,146,155,214,126,180
11,0.55,14,14,120,119,182,202,151,160
12,0.6,1,1,200,220,280,312,240,266
12,0.6,2,2,292,113,352,168,322,140
12,0.6,3,3,233,158,306,226,269,192
12,0.6,4,4,432,132,487,191,459,161
12,0.6,5,5,230,132,292,178,261,155
12,0.6,6,6,31,198,86,252,58,225
12,0.6,7,7,83,188,134,300,108,244
12,0.6,8,8,484,140,520,184,502,162
12,0.6,9,9,465,201,532,263,498,232
12,0.6,10,10,504,182,575,250,539,216
12,0.6,11,11,59,164,100,208,79,186
12,0.6,12,12,97,146,155,214,126,180
12,0.6,14,14,120,120,182,202,151,161
13,0.65,1,1,200,220,280,313,240,266
13,0.65,2,2,292,113,352,168,322,140
13,0.65,3,3,233,158,306,226,269,192
13,0.65,4,4,432,134,488,193,460,163
13,0.65,5,5,230,132,292,178,261,155
13,0.65,6,6,31,198,86,252,58,225
13,0.65,7,7,83,188,134,300,108,244
13,0.65,8,8,483,140,520,184,501,162
13,0.65,9,9,465,201,533,263,499,232
13,0.65,10,10,504,182,575,250,539,216
13,0.65,11,11,59,164,100,208,79,186
13,0.65,12,12,98,146,155,213,126,179
13,0.65,14,14,120,120,182,202,151,161
13,0.65,15,15,465,182,575,263,520,222
14,0.7,1,1,200,221,280,313,240,267
14,0.7,2,2,292,113,352,168,322,140
14,0.7,3,3,233,158,306,225,269,191
14,0.7,4,4,432,134,486,192,459,163
14,0.7,5,5,230,132,292,178,261,155
14,0.7,6,6,31,198,86,252,58,225
14,0.7,7,7,83,188,134,300,108,244
14,0.7,8,8,483,140,519,184,501,162
14,0.7,9,9,465,201,533,263,499,232
14,0.7,10,10,504,183,575,250,539,216
14,0.7,11,11,59,164,100,208,79,186
14,0.7,12,12,97,146,155,213,126,179
14,0.7,14,14,120,120,182,202,151,161
15,0.75,1,1,200,221,280,313,240,267
15,0.75,2,2,292,113,352,168,322,140
15,0.75,3,3,233,158,306,224,269,191
15,0.75,4,4,432,132,486,192,459,162
15,0.75,5,5,230,132,292,178,261,155
15,0.75,6,6,31,198,86,252,58,225
15,0.75,7,7,83,188,134,300,108,244
15,0.75,8,8,483,140,519,184,501,162
15,0.75,9,9,465,201,533,263,499,232
15,0.75,10,10,504,183,576,250,540,216
15,0.75,11,11,59,164,100,208,79,186
15,0.75,12,12,98,146,155,213,126,179
15,0.75,15,15,481,183,575,260,528,221
16,0.8,1,1,200,221,280,313,240,267
16,0.8,2,2,292,113,352,168,322,140
16,0.8,3,3,233,158,306,223,269,190
16,0.8,4,4,433,130,485,194,459,162
16,0.8,5,5,230,132,292,178,261,155
16,0.8,6,6,31,198,86,252,58,225
16,0.8,7,7,83,188,135,300,109,244
16,0.8,8,8,481,139,519,184,500,161
16,0.8,9,9,464,202,534,263,499,232
16,0.8,10,10,504,182,576,250,540,216
16,0.8,11,11,59,164,100,209,79,186
16,0.8,12,12,98,147,155,213,126,180
17,0.85,1,1,200,222,280,313,240,267
17,0.85,2,2,292,113,352,168,322,140
17,0.85,3,3,233,158,306,223,269,190
17,0.85,4,4,433,129,486,194,459,161
17,0.85,5,5,230,132,292,178,261,155
17,0.85,6,6,31,198,86,252,58,225
17,0.85,7,7,83,188,135,304,109,246
17,0.85,8,8,483,140,519,184,501,162
17,0.85,9,9,465,201,534,263,499,232
17,0.85,10,10,501,182,576,253,538,217
17,0.85,11,11,59,164,99,209,79,186
17,0.85,12,12,99,147,155,213,127,180
17,0.85,13,13,81,188,134,270,107,229
17,0.85,15,15,470,182,576,260,523,221
18,0.9,1,1,199,222,280,313,239,267
18,0.9,2,2,292,113,352,168,322,140
18,0.9,3,3,233,158,306,222,269,190
18,0.9,4,4,433,128,487,193,460,160
18,0.9,5,5,230,132,292,178,261,155
18,0.9,6,6,31,198,87,253,59,225
18,0.9,7,7,83,188,136,306,109,247
18,0.9,8,8,484,140,519,184,501,162
18,0.9,9,9,465,201,534,263,499,232
18,0.9,10,10,505,182,577,252,541,217
18,0.9,11,11,58,164,99,209,78,186
18,0.9,12,12,101,147,155,213,128,180
18,0.9,13,13,82,188,135,268,108,228
18,0.9,15,15,468,182,577,261,522,221
19,0.95,1,1,199,221,280,313,239,267
19,0.95,2,2,292,113,352,168,322,140
19,0.95,3,3,233,158,306,222,269,190
19,0.95,4,4,433,131,486,193,459,162
19,0.95,5,5,230,132,292,178,261,155
19,0.95,6,6,31,198,87,252,59,225
19,0.95,7,7,83,189,136,306,109,247
19,0.95,8,8,484,140,519,184,501,162
19,0.95,9,9,465,201,532,263,498,232
19,0.95,10,10,506,182,577,253,541,217
19,0.95,11,11,58,164,99,208,78,186
19,0.95,12,12,103,147,155,213,129,180
19,0.95,13,13,82,188,134,267,108,227
19,0.95,15,15,470,182,578,260,524,221
19,0.95,16,16,103,147,156,239,129,193
20,1.0,1,1,198,221,281,313,239,267
20,1.0,2,2,292,113,352,168,322,140
20,1.0,3,3,233,158,306,222,269,190
20,1.0,4,4,433,133,486,193,459,163
20,1.0,5,5,230,132,292,178,261,155
20,1.0,6,6,31,198,87,252,59,225
20,1.0,7,7,83,189,136,306,109,247
20,1.0,8,8,483,140,519,184,501,162
20,1.0,9,9,465,201,532,263,498,232
20,1.0,10,10,513,182,578,252,545,217
20,1.0,11,11,59,165,99,208,79,186
20,1.0,12,12,104,147,155,212,129,179
20,1.0,13,13,82,189,134,266,108,227
20,1.0,16,16,105,147,156,239,130,193
21,1.05,1,1,198,221,280,313,239,267
21,1.05,2,2,292,113,352,168,322,140
21,1.05,3,3,233,158,306,222,269,190
21,1.05,4,4,433,134,488,193,460,163
21,1.05,5,5,230,132,292,178,261,155
21,1.05,6,6,31,198,87,252,59,225
21,1.05,7,7,83,189,136,306,109,247
21,1.05,8,8,482,139,519,184,500,161
21,1.05,9,9,465,201,533,263,499,232
21,1.05,10,10,516,182,578,251,547,216
21,1.05,11,11,59,165,99,208,79,186
21,1.05,12,12,105,147,155,212,130,179
21,1.05,13,13,83,188,134,266,108,227
21,1.05,16,16,105,147,156,240,130,193
22,1.1,1,1,197,221,280,313,238,267
22,1.1,2,2,292,113,352,168,322,140
22,1.1,3,3,233,156,306,222,269,189
22,1.1,4,4,433,132,490,194,461,163
22,1.1,5,5,230,132,292,178,261,155
22,1.1,6,6,31,198,88,252,59,225
22,1.1,7,7,83,189,135,303,109,246
22,1.1,8,8,482,139,519,184,500,161
22,1.1,9,9,465,201,533,263,499,232
22,1.1,10,10,517,182,578,251,547,216
22,1.1,11,11,59,164,98,209,78,186
22,1.1,12,12,101,146,155,213,128,179
23,1.15,1,1,196,222,280,313,238,267
23,1.15,2,2,292,113,352,167,322,140
23,1.15,3,3,233,155,306,222,269,188
23,1.15,4,4,433,130,493,194,463,162
23,1.15,5,5,230,132,292,178,261,155
23,1.15,6,6,31,198,88,252,59,225
23,1.15,7,7,83,189,135,301,109,245
23,1.15,8,8,474,139,519,184,496,161
23,1.15,9,9,464,201,532,263,498,232
23,1.15,10,10,518,182,578,250,548,216
23,1.15,11,11,59,164,99,209,79,186
23,1.15,12,12,100,146,155,212,127,179
23,1.15,17,17,433,135,520,192,476,163
23,1.15,14,14,120,120,182,202,151,161
24,1.2,1,1,196,222,280,313,238,267
24,1.2,2,2,292,113,352,168,322,140
24,1.2,3,3,233,155,306,222,269,188
24,1.2,4,4,433,136,493,194,463,165
24,1.2,5,5,230,132,292,178,261,155
24,1.2,6,6,31,197,89,252,60,224
24,1.2,7,7,84,189,135,301,109,245
24,1.2,8,8,472,139,519,184,495,161
24,1.2,9,9,465,200,531,263,498,231
24,1.2,10,10,517,182,578,250,547,216
24,1.2,11,11,59,164,102,208,80,186
24,1.2,12,12,101,146,155,211,128,178
24,1.2,16,16,102,146,156,239,129,192
25,1.25,1,1,196,222,280,313,238,267
25,1.25,2,2,292,113,352,167,322,140
25,1.25,3,3,233,155,306,221,269,188
25,1.25,4,4,433,136,494,194,463,165
25,1.25,5,5,230,132,292,178,261,155
25,1.25,6,6,31,197,95,252,63,224
25,1.25,7,7,84,189,135,300,109,244
25,1.25,8,8,471,139,519,184,495,161
25,1.25,9,9,465,200,531,263,498,231
25,1.25,10,10,517,182,578,250,547,216
25,1.25,11,11,59,164,101,208,80,186
25,1.25,12,12,102,146,155,211,128,178
25,1.25,13,13,83,188,134,269,108,228
26,1.3,1,1,195,222,280,313,237,267
26,1.3,2,2,292,113,352,167,322,140
26,1.3,3,3,233,155,306,222,269,188
26,1.3,4,4,433,139,493,193,463,166
26,1.3,5,5,231,132,292,178,261,155
26,1.3,6,6,31,197,99,253,65,225
26,1.3,7,7,84,189,135,301,109,245
26,1.3,8,8,470,139,519,184,494,161
26,1.3,9,9,465,200,532,263,498,231
26,1.3,10,10,518,182,578,250,548,216
26,1.3,11,11,58,164,101,207,79,185
26,1.3,12,12,101,146,154,211,127,178
26,1.3,13,13,83,188,134,268,108,228
26,1.3,14,14,120,120,182,202,151,161
27,1.35,1,1,195,222,280,313,237,267
27,1.35,2,2,292,113,352,167,322,140
27,1.35,3,3,234,155,306,222,270,188
27,1.35,4,4,433,140,494,193,463,166
27,1.35,5,5,231,132,292,179,261,155
27,1.35,6,6,31,196,99,253,65,224
27,1.35,7,7,84,189,135,302,109,245
27,1.35,8,8,470,139,519,184,494,161
27,1.35,9,9,465,200,531,263,498,231
27,1.35,10,10,518,182,578,250,548,216
27,1.35,11,11,58,164,101,207,79,185
27,1.35,12,12,101,146,154,212,127,179
27,1.35,13,13,83,188,133,268,108,228
27,1.35,14,14,120,119,182,202,151,160
28,1.4,1,1,195,222,280,313,237,267
28,1.4,2,2,292,113,352,167,322,140
28,1.4,3,3,234,155,306,222,270,188
28,1.4,4,4,434,141,494,193,464,167
28,1.4,5,5,231,132,292,179,261,155
28,1.4,6,6,32,196,101,254,66,225
28,1.4,7,7,85,188,135,303,110,245
28,1.4,8,8,471,139,519,184,495,161
28,1.4,9,9,465,200,532,263,498,231
28,1.4,10,10,517,182,578,251,547,216
28,1.4,11,11,59,164,101,206,80,185
28,1.4,12,12,100,146,153,212,126,179
28,1.4,13,13,83,188,133,268,108,228
28,1.4,17,17,434,140,520,193,477,166
29,1.45,1,1,195,222,280,313,237,267
29,1.45,2,2,292,113,352,167,322,140
29,1.45,3,3,234,155,306,222,270,188
29,1.45,4,4,434,141,494,192,464,166
29,1.45,5,5,231,132,292,178,261,155
29,1.45,6,6,32,196,102,254,67,225
29,1.45,7,7,85,188,135,305,110,246
29,1.45,8,8,472,139,519,184,495,161
29,1.45,9,9,465,200,532,263,498,231
29,1.45,10,10,517,182,578,251,547,216
29,1.45,11,11,59,164,100,205,79,184
29,1.45,12,12,99,146,150,211,124,178
29,1.45,13,13,84,188,133,268,108,228
29,1.45,18,18,98,146,148,191,123,168
29,1.45,15,15,465,181,578,262,521,221
30,1.5,1,1,195,222,280,313,237,267
30,1.5,2,2,292,113,352,167,322,140
30,1.5,3,3,233,155,306,222,269,188
30,1.5,4,4,434,142,494,192,464,167
30,1.5,5,5,231,132,292,178,261,155
30,1.5,6,6,32,196,99,254,65,225
30,1.5,7,7,84,187,135,305,109,246
30,1.5,8,8,472,139,519,184,495,161
30,1.5,9,9,465,200,532,263,498,231
30,1.5,10,10,518,181,578,251,548,216
30,1.5,11,11,58,164,101,204,79,184
30,1.5,12,12,99,146,151,211,125,178
30,1.5,13,13,83,187,133,268,108,227
30,1.5,18,18,98,147,148,195,123,171
31,1.55,1,1,195,222,280,313,237,267
31,1.55,2,2,292,113,352,167,322,140
31,1.55,3,3,233,155,307,221,270,188
31,1.55,4,4,434,143,494,192,464,167
31,1.55,5,5,231,132,292,178,261,155
31,1.55,6,6,32,196,97,254,64,225
31,1.55,7,7,84,187,135,307,109,247
31,1.55,8,8,471,139,520,184,495,161
31,1.55,9,9,465,200,532,263,498,231
31,1.55,10,10,515,181,578,251,546,216
31,1.55,11,11,58,163,102,204,80,183
31,1.55,12,12,99,147,149,210,124,178
31,1.55,13,13,83,187,133,272,108,229
31,1.55,18,18,98,147,147,193,122,170
31,1.55,15,15,469,181,579,260,524,220
32,1.6,1,1,195,222,280,313,237,267
32,1.6,2,2,292,113,352,167,322,140
32,1.6,3,3,233,155,306,221,269,188
32,1.6,4,4,434,143,496,192,465,167
32,1.6,5,5,231,132,292,178,261,155
32,1.6,6,6,32,197,91,253,61,225
32,1.6,7,7,83,187,135,306,109,246
32,1.6,8,8,472,139,520,184,496,161
32,1.6,9,9,465,200,531,263,498,231
32,1.6,10,10,506,181,579,253,542,217
32,1.6,11,11,58,163,102,204,80,183
32,1.6,12,12,101,147,148,209,124,178
32,1.6,13,13,83,187,133,272,108,229
32,1.6,18,18,100,148,147,191,123,169
32,1.6,15,15,472,180,579,260,525,220
32,1.6,14,14,120,119,182,202,151,160
33,1.65,1,1,195,222,280,313,237,267
33,1.65,2,2,292,113,352,167,322,140
33,1.65,3,3,234,155,306,221,270,188
33,1.65,4,4,434,144,499,192,466,168
33,1.65,5,5,231,132,292,178,261,155
33,1.65,6,6,33,197,88,252,60,224
33,1.65,7,7,83,187,135,304,109,245
33,1.65,8,8,472,139,520,184,496,161
33,1.65,9,9,465,200,531,263,498,231
33,1.65,10,10,505,180,579,254,542,217
33,1.65,11,11,58,163,103,206,80,184
33,1.65,12,12,101,148,148,209,124,178
33,1.65,13,13,83,187,133,272,108,229
33,1.65,18,18,101,148,147,192,124,170
33,1.65,15,15,472,180,580,259,526,219
33,1.65,14,14,120,119,182,201,151,160
34,1.7,1,1,195,222,280,313,237,267
34,1.7,2,2,292,113,352,167,322,140
34,1.7,3,3,234,155,307,221,270,188
34,1.7,4,4,434,144,499,192,466,168
34,1.7,5,5,231,132,292,178,261,155
34,1.7,6,6,34,196,87,252,60,224
34,1.7,7,7,83,187,135,302,109,244
34,1.7,8,8,472,139,520,184,496,161
34,1.7,9,9,465,200,531,263,498,231
34,1.7,10,10,507,180,579,252,543,216
34,1.7,11,11,57,163,103,208,80,185
34,1.7,12,12,101,148,148,209,124,178
34,1.7,13,13,83,187,133,267,108,227
34,1.7,18,18,101,148,147,192,124,170
34,1.7,14,14,120,119,182,201,151,160
35,1.75,1,1,195,222,280,313,237,267
35,1.75,2,2,292,113,352,167,322,140
35,1.75,3,3,234,155,307,222,270,188
35,1.75,4,4,434,145,500,192,467,168
35,1.75,5,5,231,132,292,178,261,155
35,1.75,6,6,34,198,88,252,61,225
35,1.75,7,7,84,187,135,301,109,244
35,1.75,8,8,472,139,520,184,496,161
35,1.75,9,9,465,200,530,263,497,231
35,1.75,10,10,513,180,579,251,546,215
35,1.75,11,11,56,163,103,210,79,186
35,1.75,12,12,102,149,148,211,125,180
35,1.75,18,18,103,149,147,191,125,170
35,1.75,14,14,121,119,182,201,151,160
36,1.8,1,1,195,222,280,313,237,267
36,1.8,2,2,292,113,352,167,322,140
36,1.8,3,3,233,155,306,222,269,188
36,1.8,4,4,434,145,500,192,467,168
36,1.8,5,5,231,132,292,178,261,155
36,1.8,6,6,34,200,88,252,61,226
36,1.8,7,7,84,187,135,301,109,244
36,1.8,8,8,472,139,520,184,496,161
36,1.8,9,9,465,200,530,263,497,231
36,1.8,10,10,508,180,579,253,543,216
36,1.8,11,11,56,163,103,211,79,187
36,1.8,12,12,103,149,149,211,126,180
36,1.8,18,18,103,149,148,192,125,170
36,1.8,14,14,120,119,182,201,151,160
37,1.85,1,1,195,222,280,313,237,267
37,1.85,2,2,292,113,352,167,322,140
37,1.85,3,3,233,155,306,222,269,188
37,1.85,4,4,434,145,499,192,466,168
37,1.85,5,5,231,132,292,178,261,155
37,1.85,6,6,35,200,93,253,64,226
37,1.85,7,7,84,187,135,301,109,244
37,1.85,8,8,472,139,520,184,496,161
37,1.85,9,9,465,201,530,263,497,232
37,1.85,10,10,511,180,578,250,544,215
37,1.85,11,11,57,163,103,211,80,187
37,1.85,12,12,103,149,149,212,126,180
37,1.85,18,18,104,149,148,190,126,169
37,1.85,14,14,121,119,182,201,151,160
38,1.9,1,1,195,222,280,313,237,267
38,1.9,2,2,292,113,352,167,322,140
38,1.9,3,3,233,155,306,222,269,188
38,1.9,4,4,434,146,498,192,466,169
38,1.9,5,5,231,132,292,179,261,155
38,1.9,6,6,35,201,89,252,62,226
38,1.9,7,7,83,187,135,301,109,244
38,1.9,8,8,472,139,520,184,496,161
38,1.9,9,9,465,201,530,263,497,232
38,1.9,10,10,515,180,578,247,546,213
38,1.9,11,11,58,163,103,212,80,187
38,1.9,12,12,103,150,150,212,126,181
38,1.9,18,18,104,150,148,194,126,172
38,1.9,14,14,121,119,182,201,151,160
39,1.95,1,1,195,222,280,313,237,267
39,1.95,2,2,292,113,352,167,322,140
39,1.95,3,3,234,155,306,222,270,188
39,1.95,4,4,434,148,493,192,463,170
39,1.95,5,5,231,132,292,179,261,155
39,1.95,6,6,35,201,88,252,61,226
39,1.95,7,7,83,186,135,301,109,243
39,1.95,8,8,471,139,520,184,495,161
39,1.95,9,9,465,201,530,263,497,232
39,1.95,10,10,510,180,578,251,544,215
39,1.95,11,11,57,163,103,213,80,188
39,1.95,12,12,102,150,152,212,127,181
39,1.95,14,14,121,119,182,201,151,160
40,2.0,1,1,195,222,280,313,237,267
40,2.0,2,2,292,113,352,167,322,140
40,2.0,3,3,234,155,306,222,270,188
40,2.0,4,4,434,148,488,192,461,170
40,2.0,5,5,231,132,292,179,261,155
40,2.0,6,6,35,202,88,252,61,227
40,2.0,7,7,83,186,135,301,109,243
40,2.0,8,8,472,139,520,184,496,161
40,2.0,9,9,465,201,530,263,497,232
40,2.0,10,10,514,180,578,251,546,215
40,2.0,11,11,58,163,105,212,81,187
40,2.0,12,12,102,151,154,212,128,181
40,2.0,14,14,121,119,182,201,151,160
41,2.05,1,1,195,222,280,313,237,267
41,2.05,2,2,292,113,352,167,322,140
41,2.05,3,3,234,155,306,222,270,188
41,2.05,5,5,231,132,292,178,261,155
41,2.05,6,6,35,196,95,253,65,224
41,2.05,7,7,84,187,134,301,109,244
41,2.05,8,8,471,140,520,184,495,162
41,2.05,9,9,465,201,529,263,497,232
41,2.05,10,10,508,180,578,253,543,216
41,2.05,11,11,58,163,106,211,82,187
41,2.05,12,12,102,151,154,212,128,181
41,2.05,14,14,121,119,182,201,151,160
42,2.1,1,1,195,222,281,313,238,267
42,2.1,2,2,292,114,352,167,322,140
42,2.1,3,3,234,154,306,222,270,188
42,2.1,5,5,231,131,292,178,261,154
42,2.1,6,6,35,193,101,254,68,223
42,2.1,7,7,85,188,133,301,109,244
42,2.1,8,8,470,140,520,184,495,162
42,2.1,9,9,465,202,529,263,497,232
42,2.1,10,10,501,180,579,255,540,217
42,2.1,11,11,58,163,105,211,81,187
42,2.1,12,12,101,151,154,213,127,182
42,2.1,14,14,121,119,183,201,152,160
42,2.1,15,15,465,180,579,262,522,221
43,2.15,1,1,195,221,281,313,238,267
43,2.15,2,2,292,114,352,167,322,140
43,2.15,3,3,234,154,306,222,270,188
43,2.15,5,5,231,131,292,178,261,154
43,2.15,6,6,34,191,103,254,68,222
43,2.15,7,7,86,188,133,301,109,244
43,2.15,8,8,469,140,520,184,494,162
43,2.15,9,9,465,202,529,263,497,232
43,2.15,10,10,499,180,579,255,539,217
43,2.15,11,11,58,163,106,211,82,187
43,2.15,12,12,101,151,155,214,128,182
43,2.15,14,14,121,119,183,201,152,160
43,2.15,19,24,434,140,520,191,477,165
43,2.15,15,15,465,180,579,263,522,221
44,2.2,1,1,195,221,281,313,238,267
44,2.2,2,2,292,114,352,167,322,140
44,2.2,3,3,234,154,306,221,270,187
44,2.2,5,5,230,131,292,178,261,154
44,2.2,6,6,34,191,104,255,69,223
44,2.2,7,7,86,188,133,301,109,244
44,2.2,8,8,469,140,520,184,494,162
44,2.2,9,9,465,202,529,263,497,232
44,2.2,10,10,502,180,579,254,540,217
44,2.2,11,11,58,163,105,211,81,187
44,2.2,12,12,101,151,155,214,128,182
44,2.2,14,14,121,119,183,201,152,160
44,2.2,19,24,434,140,520,191,477,165
45,2.25,1,1,195,220,281,313,238,266
45,2.25,2,2,292,114,352,167,322,140
45,2.25,3,3,234,154,306,222,270,188
45,2.25,5,5,230,131,292,178,261,154
45,2.25,6,6,34,190,104,255,69,222
45,2.25,7,7,86,188,133,301,109,244
45,2.25,8,8,469,140,520,184,494,162
45,2.25,9,9,465,202,530,263,497,232
45,2.25,10,10,512,180,579,252,545,216
45,2.25,11,11,58,163,102,210,80,186
45,2.25,12,12,102,151,154,213,128,182
45,2.25,14,14,120,118,183,200,151,159
45,2.25,19,24,445,140,520,189,482,164
46,2.3,1,1,195,220,281,313,238,266
46,2.3,2,2,292,114,352,167,322,140
46,2.3,3,3,234,154,306,222,270,188
46,2.3,5,5,230,131,292,178,261,154
46,2.3,6,6,34,190,105,255,69,222
46,2.3,7,7,86,187,133,301,109,244
46,2.3,8,8,469,140,520,184,494,162
46,2.3,9,9,465,202,529,263,497,232
46,2.3,10,10,517,180,579,252,548,216
46,2.3,11,11,58,163,100,210,79,186
46,2.3,12,12,102,151,155,213,128,182
46,2.3,14,14,121,118,183,201,152,159
46,2.3,15,15,465,180,579,263,522,221
47,2.35,1,1,195,220,281,313,238,266
47,2.35,2,2,292,114,352,167,322,140
47,2.35,3,3,234,154,306,225,270,189
47,2.35,5,5,230,131,292,178,261,154
47,2.35,6,6,34,190,105,255,69,222
47,2.35,7,7,86,187,133,300,109,243
47,2.35,8,8,470,140,521,184,495,162
47,2.35,9,9,465,202,529,263,497,232
47,2.35,10,10,502,180,580,254,541,217
47,2.35,11,11,58,164,103,210,80,187
47,2.35,12,12,102,150,155,213,128,181
47,2.35,14,14,121,116,183,201,152,158
47,2.35,15,15,465,180,580,263,522,221
47,2.35,4,4,432,146,498,193,465,169
48,2.4,1,1,195,219,281,313,238,266
48,2.4,2,2,292,114,352,167,322,140
48,2.4,3,3,233,154,306,226,269,190
48,2.4,5,5,230,131,292,178,261,154
48,2.4,6,6,34,189,106,255,70,222
48,2.4,7,7,86,188,133,300,109,244
48,2.4,8,8,471,140,521,184,496,162
48,2.4,10,10,496,180,580,255,538,217
48,2.4,11,11,58,164,104,209,81,186
48,2.4,12,12,101,150,156,213,128,181
48,2.4,14,14,121,116,183,201,152,158
48,2.4,15,15,465,180,580,263,522,221
48,2.4,4,4,432,145,499,193,465,169
49,2.45,1,1,195,219,281,313,238,266
49,2.45,2,2,292,114,352,167,322,140
49,2.45,3,3,233,154,306,227,269,190
49,2.45,5,5,230,131,292,178,261,154
49,2.45,6,6,34,189,106,255,70,222
49,2.45,7,7,86,188,133,300,109,244
49,2.45,8,8,471,140,521,184,496,162
49,2.45,10,10,495,180,580,256,537,218
49,2.45,12,12,100,150,156,213,128,181
49,2.45,14,14,121,116,183,201,152,158
49,2.45,15,15,465,180,580,263,522,221
49,2.45,4,4,432,145,500,193,466,169
49,2.45,9,9,465,202,529,263,497,232
50,2.5,1,1,195,219,281,313,238,266
50,2.5,2,2,292,114,353,167,322,140
50,2.5,3,3,233,154,306,229,269,191
50,2.5,5,5,230,131,292,179,261,155
50,2.5,6,6,34,189,105,255,69,222
50,2.5,7,7,86,187,133,300,109,243
50,2.5,8,8,471,140,521,184,496,162
50,2.5,10,10,495,180,580,256,537,218
50,2.5,12,12,101,150,156,213,128,181
50,2.5,14,14,121,115,183,202,152,158
50,2.5,15,15,465,180,580,263,522,221
50,2.5,4,4,432,144,500,192,466,168
50,2.5,9,9,465,202,529,263,497,232
50,2.5,11,11,58,164,102,209,80,186
51,2.55,1,1,195,218,281,313,238,265
51,2.55,2,2,292,114,352,167,322,140
51,2.55,3,3,233,154,306,230,269,192
51,2.55,5,5,230,131,292,178,261,154
51,2.55,6,6,34,189,106,255,70,222
51,2.55,7,7,86,188,133,300,109,244
51,2.55,8,8,470,140,521,185,495,162
51,2.55,10,10,494,180,580,256,537,218
51,2.55,12,12,99,149,156,213,127,181
51,2.55,14,14,121,114,183,202,152,158
51,2.55,15,15,464,180,580,262,522,221
51,2.55,4,4,433,143,500,192,466,167
51,2.55,9,9,465,203,529,263,497,233
51,2.55,11,11,58,164,104,210,81,187
51,2.55,19,24,434,141,523,191,478,166
52,2.6,1,1,195,218,281,312,238,265
52,2.6,2,2,292,114,352,167,322,140
52,2.6,3,3,234,154,306,227,270,190
52,2.6,5,5,230,131,292,178,261,154
52,2.6,6,6,34,189,107,255,70,222
52,2.6,7,7,86,188,133,300,109,244
52,2.6,8,8,469,140,523,185,496,162
52,2.6,10,10,493,180,580,255,536,217
52,2.6,12,12,99,149,156,214,127,181
52,2.6,14,14,121,114,183,201,152,157
52,2.6,15,15,464,180,580,263,522,221
52,2.6,4,4,433,143,501,192,467,167
52,2.6,9,9,465,203,529,263,497,233
52,2.6,19,24,432,141,524,190,478,165
53,2.65,1,1,196,217,281,312,238,264
53,2.65,2,2,292,114,352,167,322,140
53,2.65,3,3,234,154,306,225,270,189
53,2.65,5,5,230,131,292,178,261,154
53,2.65,6,6,34,189,107,255,70,222
53,2.65,7,7,86,186,133,300,109,243
53,2.65,8,8,471,141,523,184,497,162
53,2.65,10,10,493,180,580,256,536,218
53,2.65,12,12,99,150,156,214,127,182
53,2.65,14,14,121,115,183,201,152,158
53,2.65,15,15,464,180,580,263,522,221
53,2.65,4,4,432,142,500,192,466,167
53,2.65,9,9,465,203,529,263,497,233
54,2.7,1,1,196,217,281,312,238,264
54,2.7,2,2,292,114,352,167,322,140
54,2.7,3,3,234,154,306,225,270,189
54,2.7,5,5,230,131,292,178,261,154
54,2.7,6,6,34,190,107,255,70,222
54,2.7,7,7,86,187,133,300,109,243
54,2.7,8,8,471,141,523,184,497,162
54,2.7,10,10,492,180,580,255,536,217
54,2.7,12,12,100,150,156,214,128,182
54,2.7,14,14,121,115,183,201,152,158
54,2.7,15,15,464,180,580,263,522,221
54,2.7,4,4,432,141,499,191,465,166
54,2.7,16,16,99,150,156,240,127,195
54,2.7,11,11,58,164,100,210,79,187
55,2.75,1,1,196,217,281,312,238,264
55,2.75,2,2,292,114,352,167,322,140
55,2.75,3,3,234,154,306,225,270,189
55,2.75,5,5,230,131,292,178,261,154
55,2.75,6,6,34,190,106,255,70,222
55,2.75,7,7,86,187,133,300,109,243
55,2.75,8,8,471,142,522,185,496,163
55,2.75,10,10,492,180,580,256,536,218
55,2.75,12,12,100,150,156,214,128,182
55,2.75,14,14,121,115,183,201,152,158
55,2.75,15,15,464,180,580,263,522,221
55,2.75,4,4,432,141,499,191,465,166
55,2.75,11,11,58,163,99,209,78,186
56,2.8,1,1,196,217,281,312,238,264
56,2.8,2,2,292,114,352,167,322,140
56,2.8,3,3,233,154,306,224,269,189
56,2.8,5,5,230,131,292,178,261,154
56,2.8,6,6,34,190,107,256,70,223
56,2.8,7,7,86,186,133,300,109,243
56,2.8,8,8,471,142,522,185,496,163
56,2.8,10,10,492,180,580,256,536,218
56,2.8,12,12,100,150,156,214,128,182
56,2.8,14,14,121,115,183,201,152,158
56,2.8,15,15,464,180,580,263,522,221
56,2.8,4,4,432,141,498,191,465,166
56,2.8,16,16,99,150,156,240,127,195
57,2.85,1,1,196,216,281,313,238,264
57,2.85,2,2,292,114,352,167,322,140
57,2.85,3,3,233,154,306,224,269,189
57,2.85,5,5,231,131,292,178,261,154
57,2.85,6,6,34,190,107,256,70,223
57,2.85,7,7,86,185,133,300,109,242
57,2.85,8,8,471,143,522,185,496,164
57,2.85,10,10,493,180,580,255,536,217
57,2.85,12,12,100,150,156,214,128,182
57,2.85,14,14,121,115,183,201,152,158
57,2.85,15,15,464,180,580,263,522,221
57,2.85,4,4,431,137,497,191,464,164
57,2.85,16,16,99,150,156,240,127,195
57,2.85,9,9,465,203,530,263,497,233
57,2.85,11,11,58,163,100,209,79,186
58,2.9,1,1,196,217,281,313,238,265
58,2.9,2,2,292,113,352,167,322,140
58,2.9,3,3,233,154,306,224,269,189
58,2.9,5,5,231,131,292,178,261,154
58,2.9,6,6,34,191,106,256,70,223
58,2.9,7,7,86,185,133,300,109,242
58,2.9,8,8,471,143,523,185,497,164
58,2.9,10,10,493,180,580,256,536,218
58,2.9,12,12,101,150,155,213,128,181
58,2.9,14,14,121,115,183,201,152,158
58,2.9,15,15,464,180,580,263,522,221
58,2.9,4,4,431,137,496,191,463,164
58,2.9,16,16,100,150,156,241,128,195
58,2.9,9,9,465,203,530,263,497,233
58,2.9,11,11,58,161,102,210,80,185
59,2.95,1,1,196,217,281,313,238,265
59,2.95,2,2,292,113,352,167,322,140
59,2.95,3,3,233,154,306,224,269,189
59,2.95,5,5,231,131,292,178,261,154
59,2.95,6,6,34,191,106,256,70,223
59,2.95,7,7,86,185,133,300,109,242
59,2.95,10,10,495,180,579,256,537,218
59,2.95,12,12,101,150,156,214,128,182
59,2.95,14,14,121,115,183,201,152,158
59,2.95,15,15,464,180,579,263,521,221
59,2.95,4,4,432,133,512,191,472,162
59,2.95,16,16,100,150,156,241,128,195
59,2.95,9,9,465,203,531,263,498,233
59,2.95,11,11,58,160,102,209,80,184
60,3.0,1,1,195,217,281,313,238,265
60,3.0,2,2,292,113,352,167,322,140
60,3.0,3,3,233,154,306,225,269,189
60,3.0,5,5,231,131,292,179,261,155
60,3.0,6,6,33,192,106,256,69,224
60,3.0,7,7,86,185,133,300,109,242
60,3.0,10,10,494,180,578,256,536,218
60,3.0,12,12,101,150,156,215,128,182
60,3.0,14,14,121,115,183,201,152,158
60,3.0,15,15,464,180,578,263,521,221
60,3.0,4,4,432,127,519,190,475,158
60,3.0,11,11,58,158,105,209,81,183
61,3.05,1,1,195,217,281,313,238,265
61,3.05,2,2,292,113,352,167,322,140
61,3.05,3,3,233,154,306,226,269,190
61,3.05,5,5,231,131,292,179,261,155
61,3.05,6,6,33,191,106,256,69,223
61,3.05,7,7,86,185,133,300,109,242
61,3.05,10,10,492,180,578,256,535,218
61,3.05,12,12,101,150,156,215,128,182
61,3.05,14,14,121,115,183,202,152,158
61,3.05,15,15,464,180,578,263,521,221
61,3.05,4,4,432,126,521,191,476,158
61,3.05,11,11,56,156,107,210,81,183
62,3.1,1,1,196,217,281,314,238,265
62,3.1,2,2,292,113,353,167,322,140
62,3.1,3,3,233,154,306,227,269,190
62,3.1,5,5,231,131,292,179,261,155
62,3.1,6,6,32,193,105,256,68,224
62,3.1,7,7,86,185,133,300,109,242
62,3.1,10,10,492,180,577,257,534,218
62,3.1,12,12,101,150,156,215,128,182
62,3.1,14,14,121,115,183,201,152,158
62,3.1,15,15,464,180,577,263,520,221
62,3.1,4,4,432,126,522,191,477,158
62,3.1,11,11,57,154,109,210,83,182
62,3.1,20,26,498,145,523,183,510,164
63,3.15,1,1,196,217,281,307,238,262
63,3.15,2,2,292,113,353,167,322,140
63,3.15,3,3,233,154,306,228,269,191
63,3.15,5,5,231,131,292,178,261,154
63,3.15,6,6,31,194,105,257,68,225
63,3.15,7,7,86,185,133,300,109,242
63,3.15,10,10,494,180,577,256,535,218
63,3.15,12,12,101,150,156,215,128,182
63,3.15,14,14,121,114,183,201,152,157
63,3.15,15,15,464,180,577,263,520,221
63,3.15,4,4,433,123,523,190,478,156
63,3.15,11,11,57,152,115,208,86,180
64,3.2,1,1,196,217,281,305,238,261
64,3.2,2,2,292,113,353,167,322,140
64,3.2,3,3,233,153,306,229,269,191
64,3.2,5,5,231,131,292,179,261,155
64,3.2,6,6,31,195,105,256,68,225
64,3.2,7,7,86,185,133,300,109,242
64,3.2,10,10,493,180,577,256,535,218
64,3.2,12,12,101,149,156,216,128,182
64,3.2,14,14,121,114,183,202,152,158
64,3.2,15,15,464,180,577,263,520,221
64,3.2,4,4,433,122,524,190,478,156
64,3.2,11,11,57,151,118,206,87,178
65,3.25,1,1,196,217,281,305,238,261
65,3.25,2,2,292,113,353,167,322,140
65,3.25,3,3,234,153,306,229,270,191
65,3.25,5,5,231,131,292,179,261,155
65,3.25,6,6,31,195,107,256,69,225
65,3.25,7,7,86,185,134,300,110,242
65,3.25,10,10,493,181,577,257,535,219
65,3.25,12,12,101,149,156,216,128,182
65,3.25,14,14,121,115,183,202,152,158
65,3.25,15,15,464,181,577,263,520,222
65,3.25,4,4,433,122,524,190,478,156
65,3.25,11,11,56,149,118,208,87,178
66,3.3,1,1,196,217,281,304,238,260
66,3.3,2,2,292,113,353,167,322,140
66,3.3,3,3,234,153,306,231,270,192
66,3.3,5,5,231,131,292,178,261,154
66,3.3,6,6,31,196,107,256,69,226
66,3.3,7,7,86,185,134,300,110,242
66,3.3,10,10,493,181,578,255,535,218
66,3.3,12,12,101,148,156,216,128,182
66,3.3,14,14,121,114,183,201,152,157
66,3.3,15,15,464,181,577,263,520,222
66,3.3,4,4,433,121,524,190,478,155
66,3.3,11,11,56,147,116,204,86,175
66,3.3,8,8,468,146,523,185,495,165
67,3.35,1,1,196,217,281,304,238,260
67,3.35,2,2,292,113,353,167,322,140
67,3.35,3,3,234,153,306,230,270,191
67,3.35,5,5,231,131,292,178,261,154
67,3.35,6,6,31,196,106,256,68,226
67,3.35,7,7,86,185,134,300,110,242
67,3.35,12,12,102,147,156,216,129,181
67,3.35,14,14,121,115,183,201,152,158
67,3.35,15,15,464,181,578,263,521,222
67,3.35,4,4,433,121,516,190,474,155
67,3.35,11,11,56,147,116,204,86,175
67,3.35,8,8,469,145,524,184,496,164
68,3.4,1,1,196,217,281,304,238,260
68,3.4,2,2,292,113,353,167,322,140
68,3.4,3,3,235,154,306,230,270,192
68,3.4,5,5,231,131,292,178,261,154
68,3.4,6,6,31,196,107,255,69,225
68,3.4,7,7,86,186,134,300,110,243
68,3.4,12,12,102,146,156,216,129,181
68,3.4,14,14,121,115,183,201,152,158
68,3.4,15,15,464,181,578,263,521,222
68,3.4,4,4,434,123,506,190,470,156
68,3.4,11,11,56,146,117,204,86,175
68,3.4,8,8,470,145,526,184,498,164
68,3.4,19,24,433,123,528,189,480,156
68,3.4,10,10,492,181,578,256,535,218
69,3.45,1,1,196,217,280,306,238,261
69,3.45,2,2,292,113,353,167,322,140
69,3.45,3,3,235,155,306,231,270,193
69,3.45,5,5,230,131,293,178,261,154
69,3.45,6,6,31,196,107,255,69,225
69,3.45,7,7,86,187,134,299,110,243
69,3.45,12,12,103,146,156,216,129,181
69,3.45,14,14,121,115,183,201,152,158
69,3.45,15,15,464,181,578,263,521,222
69,3.45,4,4,434,123,501,190,467,156
69,3.45,11,11,55,145,117,204,86,174
69,3.45,8,8,470,145,527,185,498,165
69,3.45,19,24,434,123,528,189,481,156
69,3.45,10,10,491,181,578,256,534,218
69,3.45,13,13,85,187,132,270,108,228
70,3.5,1,1,196,217,280,307,238,262
70,3.5,2,2,292,113,353,167,322,140
70,3.5,3,3,235,156,306,231,270,193
70,3.5,5,5,230,131,293,178,261,154
70,3.5,6,6,31,196,108,255,69,225
70,3.5,7,7,86,187,134,299,110,243
70,3.5,12,12,103,145,156,217,129,181
70,3.5,14,14,121,115,183,201,152,158
70,3.5,15,15,464,181,578,262,521,221
70,3.5,4,4,434,125,500,191,467,158
70,3.5,11,11,55,144,117,204,86,174
70,3.5,19,24,434,123,527,190,480,156
70,3.5,10,10,495,181,578,254,536,217
70,3.5,13,13,85,187,132,270,108,228
70,3.5,9,9,464,203,531,262,497,232
71,3.55,1,1,196,217,281,308,238,262
71,3.55,2,2,292,113,353,167,322,140
71,3.55,3,3,235,157,306,230,270,193
71,3.55,5,5,231,132,293,178,262,155
71,3.55,6,6,31,196,109,255,70,225
71,3.55,7,7,86,188,134,300,110,244
71,3.55,12,12,104,145,156,218,130,181
71,3.55,14,14,121,115,183,201,152,158
71,3.55,15,15,464,181,578,262,521,221
71,3.55,4,4,435,126,500,191,467,158
71,3.55,11,11,55,144,118,204,86,174
71,3.55,19,24,434,123,526,190,480,156
71,3.55,10,10,508,181,577,251,542,216
71,3.55,13,13,85,188,132,268,108,228
71,3.55,9,9,464,202,531,263,497,232
72,3.6,1,1,195,217,280,308,237,262
72,3.6,2,2,292,113,353,167,322,140
72,3.6,3,3,235,157,306,229,270,193
72,3.6,5,5,230,131,293,178,261,154
72,3.6,6,6,32,196,109,255,70,225
72,3.6,7,7,86,188,134,300,110,244
72,3.6,12,12,104,144,155,218,129,181
72,3.6,14,14,121,115,183,202,152,158
72,3.6,4,4,434,128,494,191,464,159
72,3.6,11,11,56,144,117,203,86,173
72,3.6,19,24,434,128,524,190,479,159
72,3.6,10,10,513,182,577,250,545,216
72,3.6,13,13,85,188,132,267,108,227
72,3.6,9,9,464,202,530,263,497,232
72,3.6,8,8,472,145,525,184,498,164
73,3.65,1,1,195,217,281,308,238,262
73,3.65,2,2,292,113,353,167,322,140
73,3.65,3,3,235,158,306,229,270,193
73,3.65,5,5,230,131,293,178,261,154
73,3.65,6,6,32,196,110,255,71,225
73,3.65,7,7,86,188,134,300,110,244
73,3.65,12,12,105,144,155,217,130,180
73,3.65,14,14,120,115,183,202,151,158
73,3.65,4,4,434,128,495,191,464,159
73,3.65,11,11,56,143,117,203,86,173
73,3.65,10,10,514,182,577,249,545,215
73,3.65,13,13,85,188,132,265,108,226
73,3.65,9,9,464,202,531,263,497,232
73,3.65,8,8,472,145,524,184,498,164
74,3.7,1,1,195,216,280,307,237,261
74,3.7,2,2,292,113,353,167,322,140
74,3.7,3,3,235,158,306,229,270,193
74,3.7,5,5,230,131,293,177,261,154
74,3.7,6,6,32,196,110,255,71,225
74,3.7,7,7,86,188,134,300,110,244
74,3.7,12,12,105,143,155,218,130,180
74,3.7,14,14,120,115,182,202,151,158
74,3.7,4,4,434,130,493,191,463,160
74,3.7,11,11,56,143,117,203,86,173
74,3.7,10,10,513,182,577,249,545,215
74,3.7,13,13,85,188,132,266,108,227
74,3.7,9,9,464,202,531,263,497,232
74,3.7,8,8,472,145,523,184,497,164
74,3.7,21,27,281,232,341,285,311,258
74,3.7,19,24,435,130,519,190,477,160
75,3.75,1,1,195,216,280,307,237,261
75,3.75,2,2,292,113,353,167,322,140
75,3.75,3,3,235,158,306,230,270,194
75,3.75,5,5,230,131,293,177,261,154
75,3.75,6,6,32,196,108,256,70,226
75,3.75,7,7,86,188,133,300,109,244
75,3.75,12,12,105,143,155,218,130,180
75,3.75,14,14,121,115,182,202,151,158
75,3.75,4,4,435,131,491,191,463,161
75,3.75,11,11,56,143,117,202,86,172
75,3.75,10,10,512,182,577,249,544,215
75,3.75,13,13,85,188,132,265,108,226
75,3.75,9,9,464,201,531,263,497,232
75,3.75,8,8,473,145,523,184,498,164
75,3.75,21,27,280,231,341,285,310,258
76,3.8,1,1,195,216,280,307,237,261
76,3.8,2,2,292,113,353,167,322,140
76,3.8,3,3,234,158,306,230,270,194
76,3.8,5,5,230,130,293,177,261,153
76,3.8,6,6,32,196,108,256,70,226
76,3.8,7,7,86,188,133,300,109,244
76,3.8,12,12,106,143,155,219,130,181
76,3.8,14,14,121,115,182,202,151,158
76,3.8,4,4,435,131,491,191,463,161
76,3.8,11,11,56,143,117,202,86,172
76,3.8,10,10,513,182,576,249,544,215
76,3.8,13,13,85,188,132,265,108,226
76,3.8,9,9,464,201,531,263,497,232
76,3.8,8,8,475,145,524,184,499,164
76,3.8,21,27,280,231,341,286,310,258
77,3.85,1,1,196,215,280,307,238,261
77,3.85,2,2,292,113,353,167,322,140
77,3.85,3,3,234,158,306,230,270,194
77,3.85,5,5,230,129,293,177,261,153
77,3.85,6,6,32,197,107,255,69,226
77,3.85,7,7,86,188,133,300,109,244
77,3.85,12,12,105,143,155,219,130,181
77,3.85,14,14,121,115,182,202,151,158
77,3.85,4,4,435,131,490,191,462,161
77,3.85,11,11,56,143,117,202,86,172
77,3.85,10,10,514,183,576,250,545,216
77,3.85,13,13,85,188,132,264,108,226
77,3.85,9,9,465,200,531,263,498,231
77,3.85,8,8,474,146,524,184,499,165
77,3.85,21,27,280,231,341,287,310,259
78,3.9,1,1,196,215,280,307,238,261
78,3.9,2,2,292,113,353,167,322,140
78,3.9,3,3,234,158,306,230,270,194
78,3.9,5,5,230,129,292,178,261,153
78,3.9,6,6,32,197,107,255,69,226
78,3.9,7,7,86,188,134,300,110,244
78,3.9,12,12,106,143,155,219,130,181
78,3.9,14,14,121,115,182,202,151,158
78,3.9,4,4,435,132,489,191,462,161
78,3.9,11,11,56,143,118,203,87,173
78,3.9,10,10,513,183,577,249,545,216
78,3.9,13,13,85,188,132,266,108,227
78,3.9,9,9,465,199,531,262,498,230
78,3.9,8,8,474,146,524,184,499,165
78,3.9,21,27,280,231,341,287,310,259
78,3.9,19,24,434,132,524,190,479,161
79,3.95,1,1,196,214,280,307,238,260
79,3.95,2,2,292,113,353,167,322,140
79,3.95,3,3,234,158,306,230,270,194
79,3.95,5,5,230,127,293,178,261,152
79,3.95,6,6,32,197,106,255,69,226
79,3.95,7,7,85,188,134,300,109,244
79,3.95,12,12,106,143,155,219,130,181
79,3.95,14,14,121,115,182,202,151,158
79,3.95,4,4,435,132,490,191,462,161
79,3.95,11,11,56,143,119,202,87,172
79,3.95,10,10,513,183,577,249,545,216
79,3.95,13,13,85,188,132,266,108,227
79,3.95,9,9,465,199,531,262,498,230
79,3.95,21,27,280,231,341,287,310,259
79,3.95,19,24,434,132,525,190,479,161
79,3.95,15,15,463,182,577,262,520,222
80,4.0,1,1,196,214,280,308,238,261
80,4.0,2,2,292,113,353,167,322,140
80,4.0,3,3,234,158,306,230,270,194
80,4.0,5,5,230,126,293,177,261,151
80,4.0,6,6,32,197,107,255,69,226
80,4.0,7,7,86,188,133,300,109,244
80,4.0,12,12,107,143,155,219,131,181
80,4.0,14,14,122,115,182,202,152,158
80,4.0,4,4,435,134,489,191,462,162
80,4.0,11,11,56,143,119,196,87,169
80,4.0,10,10,514,183,577,250,545,216
80,4.0,13,13,85,188,132,264,108,226
80,4.0,9,9,465,199,530,262,497,230
80,4.0,21,27,280,231,341,287,310,259
80,4.0,19,24,434,134,525,190,479,162
80,4.0,15,15,464,183,577,262,520,222
81,4.05,1,1,196,214,281,307,238,260
81,4.05,2,2,292,113,353,167,322,140
81,4.05,3,3,234,158,306,229,270,193
81,4.05,5,5,230,125,293,177,261,151
81,4.05,6,6,32,197,109,255,70,226
81,4.05,7,7,86,188,134,300,110,244
81,4.05,12,12,107,143,155,218,131,180
81,4.05,14,14,122,115,182,202,152,158
81,4.05,4,4,434,134,511,191,472,162
81,4.05,11,11,56,143,119,193,87,168
81,4.05,10,10,516,184,577,250,546,217
81,4.05,13,13,85,188,132,262,108,225
81,4.05,21,27,280,231,341,287,310,259
81,4.05,15,15,464,183,577,263,520,223
82,4.1,1,1,196,214,280,307,238,260
82,4.1,2,2,292,114,353,167,322,140
82,4.1,3,3,234,157,306,228,270,192
82,4.1,5,5,230,124,293,177,261,150
82,4.1,6,6,32,197,105,255,68,226
82,4.1,7,7,85,189,133,301,109,245
82,4.1,12,12,107,143,155,221,131,182
82,4.1,14,14,122,118,182,202,152,160
82,4.1,4,4,434,135,518,190,476,162
82,4.1,11,11,56,143,114,192,85,167
82,4.1,10,10,514,184,577,250,545,217
82,4.1,13,13,85,188,132,259,108,223
82,4.1,21,27,280,231,342,288,311,259
82,4.1,15,15,464,184,577,262,520,223
82,4.1,9,9,464,199,530,263,497,231
83,4.15,1,1,196,214,280,306,238,260
83,4.15,2,2,292,114,353,167,322,140
83,4.15,3,3,234,157,305,227,269,192
83,4.15,5,5,230,124,293,177,261,150
83,4.15,6,6,32,197,104,256,68,226
83,4.15,7,7,85,189,132,301,108,245
83,4.15,12,12,107,142,155,222,131,182
83,4.15,14,14,122,119,183,202,152,160
83,4.15,4,4,434,135,521,190,477,162
83,4.15,11,11,56,143,113,191,84,167
83,4.15,10,10,515,184,577,250,546,217
83,4.15,13,13,85,188,132,257,108,222
83,4.15,21,27,280,232,342,288,311,260
83,4.15,15,15,465,184,577,262,521,223
83,4.15,9,9,465,199,529,262,497,230
84,4.2,1,1,196,214,280,306,238,260
84,4.2,2,2,292,114,353,167,322,140
84,4.2,3,3,234,157,305,227,269,192
84,4.2,5,5,230,123,293,177,261,150
84,4.2,6,6,32,197,103,256,67,226
84,4.2,7,7,86,189,132,301,109,245
84,4.2,12,12,108,142,156,222,132,182
84,4.2,14,14,122,120,183,202,152,161
84,4.2,4,4,434,136,522,190,478,163
84,4.2,11,11,55,143,116,190,85,166
84,4.2,10,10,512,185,577,251,544,218
84,4.2,13,13,85,188,132,256,108,222
84,4.2,21,27,280,232,342,288,311,260
84,4.2,15,15,465,185,577,262,521,223
84,4.2,9,9,465,199,528,262,496,230
85,4.25,1,1,196,214,280,306,238,260
85,4.25,2,2,292,114,353,167,322,140
85,4.25,3,3,234,157,305,229,269,193
85,4.25,5,5,231,123,293,177,262,150
85,4.25,6,6,32,197,103,256,67,226
85,4.25,7,7,86,189,132,301,109,245
85,4.25,12,12,108,142,156,224,132,183
85,4.25,14,14,122,120,183,202,152,161
85,4.25,4,4,434,136,522,190,478,163
85,4.25,11,11,55,143,116,190,85,166
85,4.25,13,13,85,188,132,259,108,223
85,4.25,21,27,280,233,342,289,311,261
85,4.25,15,15,465,185,577,262,521,223
85,4.25,22,28,434,136,489,191,461,163
86,4.3,1,1,196,214,280,305,238,259
86,4.3,2,2,292,114,353,167,322,140
86,4.3,3,3,234,157,305,230,269,193
86,4.3,5,5,231,123,293,177,262,150
86,4.3,6,6,32,197,103,256,67,226
86,4.3,7,7,86,189,132,301,109,245
86,4.3,12,12,108,142,156,225,132,183
86,4.3,14,14,122,120,182,202,152,161
86,4.3,4,4,434,136,522,189,478,162
86,4.3,11,11,56,143,116,190,86,166
86,4.3,13,13,85,188,132,259,108,223
86,4.3,21,27,280,233,341,289,310,261
86,4.3,15,15,464,185,577,262,520,223
86,4.3,22,28,434,136,485,190,459,163
87,4.35,1,1,196,214,280,305,238,259
87,4.35,2,2,292,114,353,167,322,140
87,4.35,3,3,234,157,305,230,269,193
87,4.35,5,5,231,123,293,178,262,150
87,4.35,6,6,32,197,103,256,67,226
87,4.35,7,7,86,189,132,301,109,245
87,4.35,12,12,109,141,156,224,132,182
87,4.35,14,14,122,120,182,202,152,161
87,4.35,4,4,434,136,522,189,478,162
87,4.35,11,11,56,143,118,190,87,166
87,4.35,13,13,86,188,132,260,109,224
87,4.35,21,27,280,234,342,289,311,261
87,4.35,15,15,464,185,577,262,520,223
87,4.35,22,28,435,136,484,189,459,162
88,4.4,1,1,196,214,280,306,238,260
88,4.4,2,2,292,114,353,167,322,140
88,4.4,3,3,234,156,305,231,269,193
88,4.4,5,5,231,123,293,178,262,150
88,4.4,6,6,32,197,102,255,67,226
88,4.4,7,7,85,189,132,301,108,245
88,4.4,12,12,109,141,156,223,132,182
88,4.4,14,14,122,120,182,202,152,161
88,4.4,4,4,434,136,522,189,478,162
88,4.4,11,11,57,143,118,191,87,167
88,4.4,13,13,85,188,132,262,108,225
88,4.4,21,27,280,234,342,289,311,261
88,4.4,15,15,464,185,577,262,520,223
88,4.4,22,28,435,136,486,189,460,162
88,4.4,9,9,464,201,525,263,494,232
89,4.45,1,1,196,215,280,306,238,260
89,4.45,2,2,292,114,353,167,322,140
89,4.45,3,3,234,157,305,231,269,194
89,4.45,5,5,231,123,293,178,262,150
89,4.45,6,6,32,197,102,255,67,226
89,4.45,7,7,85,189,132,301,108,245
89,4.45,12,12,108,141,156,223,132,182
89,4.45,14,14,122,120,182,202,152,161
89,4.45,4,4,434,136,522,189,478,162
89,4.45,11,11,57,143,116,191,86,167
89,4.45,13,13,85,188,132,266,108,227
89,4.45,21,27,280,234,342,289,311,261
89,4.45,15,15,465,185,578,262,521,223
89,4.45,9,9,464,201,529,263,496,232
89,4.45,10,10,507,185,578,251,542,218
90,4.5,1,1,196,215,280,306,238,260
90,4.5,2,2,292,114,353,167,322,140
90,4.5,3,3,233,156,305,231,269,193
90,4.5,5,5,231,123,293,178,262,150
90,4.5,6,6,32,197,102,255,67,226
90,4.5,7,7,85,189,132,301,108,245
90,4.5,12,12,107,141,156,223,131,182
90,4.5,14,14,122,120,182,202,152,161
90,4.5,4,4,434,136,522,188,478,162
90,4.5,11,11,58,143,114,191,86,167
90,4.5,13,13,85,188,132,266,108,227
90,4.5,21,27,280,234,342,289,311,261
90,4.5,15,15,465,185,578,262,521,223
90,4.5,9,9,464,201,531,263,497,232
90,4.5,10,10,506,186,578,251,542,218
90,4.5,22,28,434,136,484,189,459,162
91,4.55,1,1,197,215,280,306,238,260
91,4.55,2,2,292,114,353,167,322,140
91,4.55,3,3,234,156,305,232,269,194
91,4.55,5,5,231,123,293,178,262,150
91,4.55,6,6,32,197,102,255,67,226
91,4.55,7,7,85,188,132,301,108,244
91,4.55,12,12,107,141,156,222,131,181
91,4.55,14,14,122,120,182,202,152,161
91,4.55,4,4,433,136,521,188,477,162
91,4.55,11,11,58,143,113,192,85,167
91,4.55,13,13,85,188,132,267,108,227
91,4.55,21,27,280,234,342,289,311,261
91,4.55,9,9,464,201,533,263,498,232
91,4.55,10,10,507,186,578,250,542,218
91,4.55,22,28,433,136,484,188,458,162
92,4.6,1,1,198,216,280,305,239,260
92,4.6,2,2,292,114,353,167,322,140
92,4.6,3,3,233,156,306,232,269,194
92,4.6,5,5,231,123,293,178,262,150
92,4.6,6,6,32,197,102,255,67,226
92,4.6,7,7,85,188,132,301,108,244
92,4.6,12,12,107,140,156,222,131,181
92,4.6,14,14,122,120,182,202,152,161
92,4.6,11,11,58,143,113,192,85,167
92,4.6,13,13,85,188,132,266,108,227
92,4.6,21,27,280,234,342,289,311,261
92,4.6,9,9,464,201,534,263,499,232
92,4.6,10,10,508,186,578,250,543,218
92,4.6,22,28,433,136,483,188,458,162
92,4.6,8,8,471,144,521,184,496,164
93,4.65,1,1,199,216,280,306,239,261
93,4.65,2,2,292,114,353,167,322,140
93,4.65,3,3,233,156,306,233,269,194
93,4.65,5,5,231,123,293,178,262,150
93,4.65,6,6,32,197,101,254,66,225
93,4.65,7,7,85,188,132,301,108,244
93,4.65,12,12,107,140,156,222,131,181
93,4.65,14,14,122,120,182,202,152,161
93,4.65,11,11,59,143,115,193,87,168
93,4.65,21,27,279,234,342,289,310,261
93,4.65,9,9,464,201,534,263,499,232
93,4.65,10,10,508,186,578,250,543,218
93,4.65,22,28,433,136,481,188,457,162
93,4.65,4,4,433,136,521,187,477,161
94,4.7,1,1,200,216,280,305,240,260
94,4.7,2,2,292,114,353,167,322,140
94,4.7,3,3,233,156,306,232,269,194
94,4.7,5,5,231,123,293,178,262,150
94,4.7,6,6,32,197,101,254,66,225
94,4.7,7,7,84,188,132,301,108,244
94,4.7,12,12,107,140,156,222,131,181
94,4.7,14,14,122,120,182,202,152,161
94,4.7,11,11,60,143,114,193,87,168
94,4.7,21,27,280,234,342,289,311,261
94,4.7,9,9,464,201,533,263,498,232
94,4.7,10,10,507,186,578,250,542,218
94,4.7,22,28,433,136,481,188,457,162
95,4.75,1,1,202,216,280,306,241,261
95,4.75,2,2,292,114,353,167,322,140
95,4.75,3,3,233,157,306,231,269,194
95,4.75,5,5,231,123,293,178,262,150
95,4.75,6,6,32,197,101,254,66,225
95,4.75,7,7,84,189,132,301,108,245
95,4.75,12,12,108,140,156,219,132,179
95,4.75,14,14,122,120,182,202,152,161
95,4.75,11,11,63,143,113,193,88,168
95,4.75,21,27,280,234,342,289,311,261
95,4.75,9,9,464,201,536,263,500,232
95,4.75,10,10,507,186,578,249,542,217
95,4.75,22,28,433,136,480,188,456,162
95,4.75,4,4,433,136,521,187,477,161
96,4.8,1,1,203,216,280,306,241,261
96,4.8,2,2,292,114,353,167,322,140
96,4.8,3,3,233,158,306,229,269,193
96,4.8,5,5,231,124,293,178,262,151
96,4.8,6,6,32,197,101,254,66,225
96,4.8,7,7,85,189,132,301,108,245
96,4.8,12,12,108,140,156,218,132,179
96,4.8,14,14,122,120,182,202,152,161
96,4.8,11,11,65,142,112,192,88,167
96,4.8,21,27,280,234,342,289,311,261
96,4.8,9,9,464,201,538,263,501,232
96,4.8,10,10,508,186,577,250,542,218
96,4.8,22,28,433,136,480,188,456,162
96,4.8,4,4,433,136,521,187,477,161
96,4.8,13,13,85,188,132,267,108,227
97,4.85,1,1,203,216,280,305,241,260
97,4.85,2,2,292,114,353,167,322,140
97,4.85,3,3,234,158,306,231,270,194
97,4.85,5,5,231,124,293,178,262,151
97,4.85,6,6,32,197,102,255,67,226
97,4.85,7,7,86,189,132,301,109,245
97,4.85,12,12,108,140,156,217,132,178
97,4.85,14,14,122,120,182,202,152,161
97,4.85,11,11,68,142,113,192,90,167
97,4.85,21,27,279,234,342,289,310,261
97,4.85,9,9,464,201,536,263,500,232
97,4.85,10,10,508,186,577,249,542,217
97,4.85,22,28,433,137,479,187,456,162
97,4.85,13,13,86,188,132,265,109,226
98,4.9,1,1,203,216,281,306,242,261
98,4.9,2,2,292,114,353,167,322,140
98,4.9,3,3,233,159,306,231,269,195
98,4.9,5,5,231,124,293,178,262,151
98,4.9,6,6,32,197,102,255,67,226
98,4.9,7,7,86,189,132,301,109,245
98,4.9,12,12,108,140,156,216,132,178
98,4.9,14,14,122,120,182,202,152,161
98,4.9,11,11,70,142,113,191,91,166
98,4.9,21,27,280,234,342,289,311,261
98,4.9,9,9,464,201,534,263,499,232
98,4.9,10,10,508,185,577,250,542,217
98,4.9,22,28,433,138,479,187,456,162
98,4.9,13,13,86,188,132,264,109,226
98,4.9,8,8,471,144,521,184,496,164
99,4.95,1,1,203,216,281,305,242,260
99,4.95,2,2,292,114,353,167,322,140
99,4.95,3,3,233,159,306,232,269,195
99,4.95,5,5,231,125,292,178,261,151
99,4.95,6,6,32,197,102,256,67,226
99,4.95,7,7,86,189,132,301,109,245
99,4.95,12,12,109,139,156,219,132,179
99,4.95,14,14,122,120,182,202,152,161
99,4.95,11,11,71,141,113,190,92,165
99,4.95,21,27,280,234,342,289,311,261
99,4.95,9,9,464,201,534,263,499,232
99,4.95,10,10,508,185,577,249,542,217
99,4.95,22,28,433,140,479,187,456,163
99,4.95,13,13,86,188,132,264,109,226
99,4.95,4,4,432,140,521,187,476,163
100,5.0,1,1,205,216,280,305,242,260
100,5.0,2,2,292,114,353,167,322,140
100,5.0,3,3,233,159,306,232,269,195
100,5.0,5,5,231,126,293,178,262,152
100,5.0,6,6,32,197,102,256,67,226
100,5.0,7,7,87,189,132,301,109,245
100,5.0,12,12,109,139,156,220,132,179
100,5.0,14,14,122,120,182,202,152,161
100,5.0,11,11,72,141,113,190,92,165
100,5.0,21,27,280,234,342,289,311,261
100,5.0,9,9,464,201,533,263,498,232
100,5.0,10,10,509,185,577,250,543,217
100,5.0,22,28,433,140,481,187,457,163
100,5.0,13,13,86,188,132,264,109,226
100,5.0,4,4,432,141,521,187,476,164
101,5.05,1,1,205,216,280,302,242,259
101,5.05,2,2,292,114,353,167,322,140
101,5.05,3,3,234,159,306,228,270,193
101,5.05,5,5,231,127,292,178,261,152
101,5.05,6,6,32,197,102,256,67,226
101,5.05,7,7,87,189,132,301,109,245
101,5.05,12,12,108,138,156,220,132,179
101,5.05,14,14,122,120,182,202,152,161
101,5.05,11,11,72,141,113,190,92,165
101,5.05,21,27,280,234,342,289,311,261
101,5.05,9,9,464,201,533,263,498,232
101,5.05,10,10,509,185,577,250,543,217
101,5.05,13,13,86,188,132,265,109,226
101,5.05,4,4,432,141,521,187,476,164
102,5.1,1,1,203,215,280,299,241,257
102,5.1,2,2,292,114,353,167,322,140
102,5.1,3,3,233,159,305,225,269,192
102,5.1,5,5,231,128,293,178,262,153
102,5.1,6,6,32,197,102,256,67,226
102,5.1,7,7,87,189,132,301,109,245
102,5.1,12,12,109,138,156,221,132,179
102,5.1,14,14,122,120,182,202,152,161
102,5.1,11,11,73,140,114,190,93,165
102,5.1,21,27,280,234,342,289,311,261
102,5.1,9,9,464,201,531,263,497,232
102,5.1,10,10,507,185,577,251,542,218
102,5.1,13,13,86,188,132,265,109,226
102,5.1,4,4,432,141,521,187,476,164
103,5.15,1,1,203,214,280,298,241,256
103,5.15,2,2,292,114,353,167,322,140
103,5.15,3,3,233,159,305,225,269,192
103,5.15,5,5,231,129,293,178,262,153
103,5.15,6,6,32,197,102,256,67,226
103,5.15,7,7,87,189,132,301,109,245
103,5.15,12,12,109,138,156,221,132,179
103,5.15,14,14,122,120,182,202,152,161
103,5.15,11,11,73,140,113,190,93,165
103,5.15,21,27,280,234,342,289,311,261
103,5.15,9,9,464,201,530,263,497,232
103,5.15,10,10,508,185,577,250,542,217
103,5.15,13,13,86,188,132,265,109,226
103,5.15,4,4,432,142,521,187,476,164
103,5.15,22,28,433,141,491,187,462,164
104,5.2,1,1,203,214,280,299,241,256
104,5.2,2,2,292,114,353,167,322,140
104,5.2,3,3,233,158,305,224,269,191
104,5.2,5,5,231,129,293,178,262,153
104,5.2,6,6,32,197,102,256,67,226
104,5.2,7,7,87,189,132,301,109,245
104,5.2,12,12,108,138,156,222,132,180
104,5.2,14,14,122,120,182,202,152,161
104,5.2,11,11,73,140,111,190,92,165
104,5.2,21,27,280,233,342,289,311,261
104,5.2,9,9,464,201,531,263,497,232
104,5.2,10,10,509,185,577,249,543,217
104,5.2,13,13,86,188,132,266,109,227
104,5.2,4,4,432,142,521,187,476,164
104,5.2,22,28,433,141,490,187,461,164
105,5.25,1,1,204,213,280,299,242,256
105,5.25,2,2,292,114,353,167,322,140
105,5.25,3,3,233,158,305,225,269,191
105,5.25,5,5,231,130,293,178,262,154
105,5.25,6,6,32,197,102,256,67,226
105,5.25,7,7,87,189,132,301,109,245
105,5.25,12,12,109,138,156,222,132,180
105,5.25,14,14,122,120,182,202,152,161
105,5.25,11,11,73,140,112,190,92,165
105,5.25,21,27,280,233,341,289,310,261
105,5.25,9,9,464,201,531,263,497,232
105,5.25,10,10,508,185,577,250,542,217
105,5.25,13,13,86,188,132,265,109,226
105,5.25,4,4,432,142,521,187,476,164
105,5.25,22,28,433,141,486,187,459,164
106,5.3,1,1,208,214,280,298,244,256
106,5.3,2,2,292,114,353,167,322,140
106,5.3,3,3,233,158,305,225,269,191
106,5.3,5,5,231,130,293,178,262,154
106,5.3,6,6,32,197,102,256,67,226
106,5.3,7,7,87,189,132,301,109,245
106,5.3,12,12,110,138,156,222,133,180
106,5.3,14,14,123,120,182,202,152,161
106,5.3,11,11,73,140,111,190,92,165
106,5.3,21,27,280,232,341,289,310,260
106,5.3,9,9,464,201,530,263,497,232
106,5.3,10,10,508,185,577,250,542,217
106,5.3,13,13,86,188,132,265,109,226
106,5.3,4,4,432,142,521,187,476,164
106,5.3,22,28,433,141,485,187,459,164
107,5.35,1,1,209,214,280,298,244,256
107,5.35,2,2,292,114,353,167,322,140
107,5.35,3,3,234,158,305,224,269,191
107,5.35,5,5,231,130,293,178,262,154
107,5.35,6,6,32,197,102,257,67,227
107,5.35,7,7,87,189,132,301,109,245
107,5.35,12,12,110,138,156,223,133,180
107,5.35,11,11,72,140,110,191,91,165
107,5.35,21,27,280,232,341,289,310,260
107,5.35,9,9,464,201,530,263,497,232
107,5.35,10,10,508,185,577,250,542,217
107,5.35,13,13,86,188,131,264,108,226
107,5.35,4,4,432,142,521,187,476,164
107,5.35,22,28,433,141,483,187,458,164
108,5.4,1,1,211,213,281,298,246,255
108,5.4,2,2,292,114,353,167,322,140
108,5.4,3,3,235,158,304,223,269,190
108,5.4,5,5,231,130,293,179,262,154
108,5.4,6,6,32,197,102,257,67,227
108,5.4,7,7,87,189,132,301,109,245
108,5.4,12,12,110,138,156,223,133,180
108,5.4,11,11,72,140,112,191,92,165
108,5.4,21,27,280,231,341,289,310,260
108,5.4,9,9,464,201,530,263,497,232
108,5.4,10,10,508,185,577,250,542,217
108,5.4,13,13,86,188,131,264,108,226
108,5.4,4,4,432,142,521,186,476,164
108,5.4,22,28,433,141,483,187,458,164
109,5.45,1,1,212,213,281,299,246,256
109,5.45,2,2,292,114,353,167,322,140
109,5.45,3,3,235,158,305,224,270,191
109,5.45,5,5,231,130,293,179,262,154
109,5.45,6,6,32,197,102,257,67,227
109,5.45,7,7,87,189,132,301,109,245
109,5.45,12,12,110,137,156,223,133,180
109,5.45,11,11,72,140,112,191,92,165
109,5.45,21,27,280,230,341,289,310,259
109,5.45,9,9,464,201,530,263,497,232
109,5.45,10,10,508,184,577,250,542,217
109,5.45,13,13,86,188,131,263,108,225
109,5.45,4,4,432,142,521,187,476,164
109,5.45,22,28,433,141,483,187,458,164
110,5.5,1,1,207,213,281,299,244,256
110,5.5,2,2,292,114,353,167,322,140
110,5.5,3,3,235,159,305,230,270,194
110,5.5,5,5,231,130,293,179,262,154
110,5.5,6,6,32,197,102,256,67,226
110,5.5,7,7,87,189,132,301,109,245
110,5.5,12,12,111,137,156,223,133,180
110,5.5,11,11,71,140,112,192,91,166
110,5.5,21,27,280,229,341,289,310,259
110,5.5,9,9,464,201,530,263,497,232
110,5.5,10,10,507,184,577,249,542,216
110,5.5,13,13,86,188,131,263,108,225
110,5.5,4,4,432,142,521,187,476,164
110,5.5,22,28,433,141,483,187,458,164
111,5.55,1,1,205,213,281,299,243,256
111,5.55,2,2,292,114,353,167,322,140
111,5.55,3,3,235,159,305,225,270,192
111,5.55,5,5,231,130,293,179,262,154
111,5.55,6,6,32,196,102,256,67,226
111,5.55,7,7,87,189,132,301,109,245
111,5.55,12,12,111,137,156,223,133,180
111,5.55,11,11,70,140,113,193,91,166
111,5.55,21,27,280,228,341,289,310,258
111,5.55,9,9,464,201,531,263,497,232
111,5.55,10,10,508,184,578,250,543,217
111,5.55,13,13,86,188,131,263,108,225
111,5.55,4,4,432,142,521,187,476,164
111,5.55,22,28,433,141,486,187,459,164
112,5.6,1,1,204,213,281,299,242,256
112,5.6,2,2,292,114,353,167,322,140
112,5.6,3,3,236,159,305,224,270,191
112,5.6,5,5,230,130,293,178,261,154
112,5.6,6,6,32,196,102,256,67,226
112,5.6,7,7,87,189,132,301,109,245
112,5.6,12,12,112,137,156,222,134,179
112,5.6,11,11,69,140,113,193,91,166
112,5.6,21,27,280,228,341,290,310,259
112,5.6,9,9,464,201,531,263,497,232
112,5.6,10,10,508,183,578,250,543,216
112,5.6,13,13,86,188,131,264,108,226
112,5.6,4,4,432,142,521,187,476,164
112,5.6,22,28,433,141,489,187,461,164
112,5.6,23,32,259,159,305,221,282,190
113,5.65,1,1,210,213,281,299,245,256
113,5.65,2,2,292,113,352,167,322,140
113,5.65,3,3,236,160,305,222,270,191
113,5.65,5,5,230,130,293,179,261,154
113,5.65,6,6,32,196,102,256,67,226
113,5.65,7,7,85,189,132,302,108,245
113,5.65,12,12,110,138,156,222,133,180
113,5.65,11,11,68,141,113,195,90,168
113,5.65,21,27,280,227,341,289,310,258
113,5.65,9,9,464,201,530,263,497,232
113,5.65,10,10,506,183,577,250,541,216
113,5.65,4,4,432,142,521,187,476,164
113,5.65,22,28,433,142,493,187,463,164
113,5.65,23,32,262,160,305,220,283,190
113,5.65,15,15,466,183,577,257,521,220
114,5.7,1,1,213,213,282,299,247,256
114,5.7,2,2,292,113,352,167,322,140
114,5.7,3,3,236,160,305,221,270,190
114,5.7,5,5,230,130,292,179,261,154
114,5.7,6,6,32,196,102,256,67,226
114,5.7,7,7,85,189,132,303,108,246
114,5.7,12,12,109,138,155,221,132,179
114,5.7,11,11,67,141,113,195,90,168
114,5.7,21,27,280,226,341,289,310,257
114,5.7,9,9,464,201,530,263,497,232
114,5.7,10,10,505,183,576,250,540,216
114,5.7,4,4,432,142,521,187,476,164
114,5.7,22,28,433,142,494,187,463,164
114,5.7,23,32,263,160,305,220,284,190
115,5.75,1,1,213,213,282,299,247,256
115,5.75,2,2,292,113,352,167,322,140
115,5.75,3,3,236,160,305,221,270,190
115,5.75,5,5,230,130,292,179,261,154
115,5.75,6,6,32,196,103,256,67,226
115,5.75,7,7,84,189,132,303,108,246
115,5.75,12,12,108,138,155,221,131,179
115,5.75,11,11,67,141,110,195,88,168
115,5.75,21,27,280,226,341,289,310,257
115,5.75,9,9,465,201,529,263,497,232
115,5.75,10,10,505,183,576,250,540,216
115,5.75,4,4,432,142,521,187,476,164
115,5.75,22,28,432,142,495,188,463,165
115,5.75,23,32,262,160,306,220,284,190
116,5.8,1,1,214,213,282,300,248,256
116,5.8,2,2,292,113,352,167,322,140
116,5.8,3,3,236,160,306,221,271,190
116,5.8,5,5,230,130,292,179,261,154
116,5.8,6,6,32,196,102,256,67,226
116,5.8,7,7,84,188,132,303,108,245
116,5.8,12,12,107,139,155,221,131,180
116,5.8,11,11,67,141,109,195,88,168
116,5.8,21,27,280,226,341,289,310,257
116,5.8,9,9,465,201,530,263,497,232
116,5.8,10,10,505,183,574,250,539,216
116,5.8,4,4,432,142,521,187,476,164
116,5.8,22,28,432,142,495,188,463,165
116,5.8,23,32,260,160,307,221,283,190
117,5.85,1,1,214,213,282,300,248,256
117,5.85,2,2,292,113,352,168,322,140
117,5.85,3,3,237,161,306,221,271,191
117,5.85,5,5,230,130,292,179,261,154
117,5.85,6,6,32,196,100,255,66,225
117,5.85,7,7,84,189,132,303,108,246
117,5.85,12,12,107,139,155,221,131,180
117,5.85,11,11,67,141,108,195,87,168
117,5.85,21,27,280,225,341,289,310,257
117,5.85,9,9,465,201,530,263,497,232
117,5.85,10,10,507,183,573,250,540,216
117,5.85,4,4,432,142,521,187,476,164
117,5.85,22,28,433,142,496,187,464,164
117,5.85,23,32,260,161,307,220,283,190
118,5.9,1,1,211,213,282,299,246,256
118,5.9,2,2,292,113,352,167,322,140
118,5.9,3,3,237,161,306,222,271,191
118,5.9,5,5,230,130,292,179,261,154
118,5.9,6,6,32,196,101,255,66,225
118,5.9,7,7,84,189,132,303,108,246
118,5.9,12,12,109,138,156,222,132,180
118,5.9,11,11,67,142,109,195,88,168
118,5.9,21,27,280,225,341,289,310,257
118,5.9,9,9,465,201,530,263,497,232
118,5.9,10,10,506,182,573,250,539,216
118,5.9,4,4,432,142,522,186,477,164
118,5.9,22,28,433,142,491,187,462,164
118,5.9,23,32,261,161,307,220,284,190
119,5.95,1,1,211,213,282,300,246,256
119,5.95,2,2,292,113,352,167,322,140
119,5.95,3,3,237,161,306,222,271,191
119,5.95,5,5,230,130,292,179,261,154
119,5.95,6,6,32,197,102,256,67,226
119,5.95,7,7,84,189,132,303,108,246
119,5.95,12,12,110,138,156,222,133,180
119,5.95,11,11,66,142,108,195,87,168
119,5.95,21,27,280,225,341,289,310,257
119,5.95,9,9,465,201,530,263,497,232
119,5.95,10,10,506,182,573,251,539,216
119,5.95,4,4,432,142,522,186,477,164
119,5.95,22,28,433,142,491,187,462,164
119,5.95,15,15,465,182,573,262,519,222
120,6.0,1,1,209,213,282,300,245,256
120,6.0,2,2,292,113,352,167,322,140
120,6.0,3,3,237,161,306,222,271,191
120,6.0,5,5,230,130,292,179,261,154
120,6.0,6,6,32,197,102,255,67,226
120,6.0,7,7,84,189,132,303,108,246
120,6.0,12,12,109,138,156,222,132,180
120,6.0,11,11,66,142,109,195,87,168
120,6.0,21,27,280,225,341,289,310,257
120,6.0,9,9,465,201,530,263,497,232
120,6.0,10,10,506,182,573,251,539,216
120,6.0,4,4,432,142,523,186,477,164
120,6.0,22,28,433,142,493,187,463,164
120,6.0,15,15,465,182,573,262,519,222
120,6.0,8,8,476,144,522,184,499,164
120,6.0,23,32,257,161,307,221,282,191
121,6.05,1,1,210,213,282,300,246,256
121,6.05,2,2,292,113,352,167,322,140
121,6.05,3,3,237,161,306,222,271,191
121,6.05,5,5,230,130,292,179,261,154
121,6.05,6,6,32,197,102,256,67,226
121,6.05,7,7,84,189,132,303,108,246
121,6.05,12,12,109,140,156,221,132,180
121,6.05,11,11,66,142,108,195,87,168
121,6.05,21,27,280,225,342,290,311,257
121,6.05,9,9,465,201,531,263,498,232
121,6.05,10,10,507,182,572,250,539,216
121,6.05,4,4,432,142,523,186,477,164
121,6.05,22,28,433,141,491,188,462,164
121,6.05,15,15,464,181,573,262,518,221
121,6.05,8,8,476,144,522,184,499,164
121,6.05,23,32,259,161,307,220,283,190
122,6.1,1,1,209,213,282,301,245,257
122,6.1,2,2,292,114,352,167,322,140
122,6.1,3,3,237,161,304,220,270,190
122,6.1,5,5,230,130,292,179,261,154
122,6.1,6,6,32,197,102,255,67,226
122,6.1,7,7,84,189,132,303,108,246
122,6.1,12,12,107,142,156,221,131,181
122,6.1,11,11,65,142,109,194,87,168
122,6.1,21,27,280,225,341,290,310,257
122,6.1,9,9,464,201,530,263,497,232
122,6.1,10,10,507,182,572,250,539,216
122,6.1,22,28,432,141,491,189,461,165
122,6.1,8,8,481,144,523,184,502,164
122,6.1,14,14,121,120,182,202,151,161
123,6.15,1,1,207,213,282,301,244,257
123,6.15,2,2,292,114,352,167,322,140
123,6.15,3,3,237,161,303,220,270,190
123,6.15,5,5,231,129,292,178,261,153
123,6.15,6,6,32,197,102,255,67,226
123,6.15,7,7,84,189,132,302,108,245
123,6.15,12,12,107,143,156,220,131,181
123,6.15,11,11,65,142,107,194,86,168
123,6.15,21,27,280,225,341,290,310,257
123,6.15,9,9,464,201,528,263,496,232
123,6.15,10,10,508,181,572,250,540,215
123,6.15,22,28,432,141,491,190,461,165
123,6.15,8,8,485,144,525,184,505,164
123,6.15,14,14,121,120,182,202,151,161
123,6.15,23,32,259,161,303,219,281,190
124,6.2,1,1,204,213,282,302,243,257
124,6.2,2,2,292,113,352,167,322,140
124,6.2,3,3,236,161,303,220,269,190
124,6.2,5,5,231,127,292,178,261,152
124,6.2,6,6,32,197,99,254,65,225
124,6.2,7,7,83,189,132,302,107,245
124,6.2,12,12,106,144,156,218,131,181
124,6.2,11,11,64,142,110,194,87,168
124,6.2,21,27,280,225,341,290,310,257
124,6.2,9,9,464,201,528,263,496,232
124,6.2,10,10,508,181,572,250,540,215
124,6.2,22,28,432,140,491,190,461,165
124,6.2,8,8,486,144,525,183,505,163
124,6.2,14,14,121,120,182,202,151,161
125,6.25,1,1,205,213,281,302,243,257
125,6.25,2,2,292,113,352,167,322,140
125,6.25,3,3,236,161,303,220,269,190
125,6.25,5,5,231,125,292,178,261,151
125,6.25,6,6,32,197,99,254,65,225
125,6.25,7,7,83,189,132,302,107,245
125,6.25,12,12,106,144,156,218,131,181
125,6.25,11,11,63,142,111,193,87,167
125,6.25,21,27,280,225,341,290,310,257
125,6.25,9,9,464,201,529,263,496,232
125,6.25,10,10,507,181,572,250,539,215
125,6.25,22,28,432,141,489,190,460,165
125,6.25,8,8,483,144,526,183,504,163
125,6.25,14,14,121,120,182,202,151,161
126,6.3,1,1,204,213,281,302,242,257
126,6.3,2,2,292,114,352,167,322,140
126,6.3,3,3,236,160,303,220,269,190
126,6.3,5,5,231,124,292,178,261,151
126,6.3,6,6,32,197,95,254,63,225
126,6.3,7,7,83,189,132,302,107,245
126,6.3,12,12,101,145,156,215,128,180
126,6.3,11,11,63,143,105,193,84,168
126,6.3,21,27,280,225,341,290,310,257
126,6.3,9,9,464,201,528,263,496,232
126,6.3,10,10,508,181,572,250,540,215
126,6.3,22,28,433,141,490,190,461,165
126,6.3,8,8,485,144,524,183,504,163
126,6.3,14,14,120,120,182,202,151,161
127,6.35,1,1,203,213,281,301,242,257
127,6.35,2,2,292,114,352,167,322,140
127,6.35,3,3,236,160,303,220,269,190
127,6.35,5,5,231,122,293,177,262,149
127,6.35,6,6,32,197,93,254,62,225
127,6.35,7,7,83,189,132,302,107,245
127,6.35,12,12,99,145,156,215,127,180
127,6.35,11,11,62,143,103,193,82,168
127,6.35,21,27,280,225,341,290,310,257
127,6.35,9,9,464,201,527,263,495,232
127,6.35,10,10,507,181,572,251,539,216
127,6.35,22,28,433,141,490,190,461,165
127,6.35,8,8,486,144,523,183,504,163
127,6.35,14,14,121,120,182,202,151,161
128,6.4,1,1,204,213,282,301,243,257
128,6.4,2,2,292,114,352,167,322,140
128,6.4,3,3,236,160,303,220,269,190
128,6.4,5,5,231,120,293,177,262,148
128,6.4,6,6,32,197,92,254,62,225
128,6.4,7,7,83,189,132,303,107,246
128,6.4,12,12,101,145,156,216,128,180
128,6.4,11,11,62,143,103,193,82,168
128,6.4,21,27,280,225,341,290,310,257
128,6.4,9,9,464,201,526,263,495,232
128,6.4,10,10,506,181,572,251,539,216
128,6.4,22,28,433,141,491,190,462,165
128,6.4,8,8,487,144,524,183,505,163
128,6.4,14,14,121,120,182,202,151,161
129,6.45,1,1,204,213,281,301,242,257
129,6.45,2,2,292,114,352,168,322,141
129,6.45,3,3,237,160,304,220,270,190
129,6.45,5,5,231,119,293,177,262,148
129,6.45,6,6,32,197,95,254,63,225
129,6.45,7,7,83,189,132,302,107,245
129,6.45,12,12,103,145,156,218,129,181
129,6.45,11,11,61,143,104,193,82,168
129,6.45,21,27,280,225,341,289,310,257
129,6.45,9,9,464,201,526,263,495,232
129,6.45,10,10,505,181,571,251,538,216
129,6.45,22,28,433,141,490,190,461,165
129,6.45,8,8,487,144,523,183,505,163
129,6.45,14,14,121,118,182,202,151,160
129,6.45,23,32,259,159,304,220,281,189
130,6.5,1,1,205,213,281,301,243,257
130,6.5,2,2,292,114,353,168,322,141
130,6.5,3,3,242,159,304,220,273,189
130,6.5,5,5,231,119,294,178,262,148
130,6.5,6,6,32,197,98,254,65,225
130,6.5,7,7,84,189,132,302,108,245
130,6.5,12,12,105,146,156,220,130,183
130,6.5,11,11,60,144,103,193,81,168
130,6.5,21,27,280,225,341,289,310,257
130,6.5,9,9,464,201,526,263,495,232
130,6.5,10,10,504,181,571,251,537,216
130,6.5,22,28,433,141,490,190,461,165
130,6.5,8,8,486,144,523,183,504,163
130,6.5,14,14,121,115,182,202,151,158
130,6.5,23,32,261,159,304,220,282,189
131,6.55,1,1,206,213,282,301,244,257
131,6.55,2,2,292,114,353,168,322,141
131,6.55,3,3,244,159,303,219,273,189
131,6.55,5,5,231,118,294,178,262,148
131,6.55,6,6,32,197,98,254,65,225
131,6.55,7,7,84,189,132,302,108,245
131,6.55,12,12,105,147,156,220,130,183
131,6.55,11,11,60,143,103,193,81,168
131,6.55,21,27,280,226,341,290,310,258
131,6.55,9,9,464,201,526,263,495,232
131,6.55,10,10,506,181,571,251,538,216
131,6.55,22,28,433,141,490,189,461,165
131,6.55,8,8,486,144,524,183,505,163
131,6.55,14,14,122,114,182,202,152,158
132,6.6,1,1,207,213,282,301,244,257
132,6.6,2,2,292,114,353,168,322,141
132,6.6,3,3,242,159,303,220,272,189
132,6.6,5,5,231,117,293,178,262,147
132,6.6,6,6,32,197,97,254,64,225
132,6.6,7,7,84,189,132,302,108,245
132,6.6,12,12,105,147,156,220,130,183
132,6.6,11,11,59,144,103,194,81,169
132,6.6,21,27,280,226,341,289,310,257
132,6.6,9,9,464,201,527,263,495,232
132,6.6,10,10,505,181,571,251,538,216
132,6.6,22,28,433,140,490,189,461,164
132,6.6,8,8,483,144,523,183,503,163
132,6.6,14,14,122,114,182,202,152,158
132,6.6,23,32,264,159,303,219,283,189
133,6.65,1,1,209,213,282,301,245,257
133,6.65,2,2,292,114,353,168,322,141
133,6.65,3,3,238,158,303,221,270,189
133,6.65,5,5,231,117,293,178,262,147
133,6.65,6,6,32,197,98,254,65,225
133,6.65,7,7,84,189,132,302,108,245
133,6.65,12,12,105,148,156,219,130,183
133,6.65,11,11,59,144,102,195,80,169
133,6.65,21,27,280,226,341,290,310,258
133,6.65,9,9,464,202,530,263,497,232
133,6.65,10,10,504,181,571,251,537,216
133,6.65,22,28,433,140,491,189,462,164
133,6.65,8,8,481,144,523,184,502,164
133,6.65,14,14,122,115,183,202,152,158
134,6.7,1,1,210,213,282,301,246,257
134,6.7,2,2,292,114,353,168,322,141
134,6.7,3,3,237,158,303,221,270,189
134,6.7,5,5,231,117,293,178,262,147
134,6.7,6,6,32,197,100,255,66,226
134,6.7,7,7,84,189,132,301,108,245
134,6.7,12,12,105,148,156,219,130,183
134,6.7,11,11,59,143,102,195,80,169
134,6.7,21,27,280,226,341,289,310,257
134,6.7,9,9,464,202,531,263,497,232
134,6.7,10,10,504,181,571,250,537,215
134,6.7,22,28,433,140,491,189,462,164
134,6.7,8,8,479,144,524,184,501,164
134,6.7,14,14,122,115,182,202,152,158
134,6.7,23,32,265,158,302,219,283,188
135,6.75,1,1,210,213,282,301,246,257
135,6.75,2,2,292,114,353,168,322,141
135,6.75,3,3,236,158,303,220,269,189
135,6.75,5,5,231,117,293,178,262,147
135,6.75,6,6,32,197,101,255,66,226
135,6.75,7,7,84,190,132,301,108,245
135,6.75,12,12,101,149,156,217,128,183
135,6.75,11,11,59,143,101,196,80,169
135,6.75,21,27,280,226,341,289,310,257
135,6.75,9,9,464,202,533,262,498,232
135,6.75,10,10,503,181,572,250,537,215
135,6.75,22,28,433,141,488,189,460,165
135,6.75,8,8,477,144,523,184,500,164
135,6.75,14,14,121,115,182,202,151,158
136,6.8,1,1,210,214,282,300,246,257
136,6.8,2,2,292,114,353,168,322,141
136,6.8,3,3,235,158,303,222,269,190
136,6.8,5,5,231,117,293,179,262,148
136,6.8,6,6,32,197,101,255,66,226
136,6.8,7,7,84,190,132,301,108,245
136,6.8,12,12,101,149,156,216,128,182
136,6.8,11,11,59,143,101,195,80,169
136,6.8,21,27,280,226,341,289,310,257
136,6.8,9,9,464,202,534,262,499,232
136,6.8,10,10,503,182,572,250,537,216
136,6.8,22,28,433,140,487,189,460,164
136,6.8,8,8,476,144,523,184,499,164
136,6.8,14,14,121,115,182,202,151,158
137,6.85,1,1,210,214,282,300,246,257
137,6.85,2,2,292,114,353,168,322,141
137,6.85,3,3,235,158,303,221,269,189
137,6.85,5,5,231,117,293,179,262,148
137,6.85,6,6,32,197,101,255,66,226
137,6.85,7,7,84,190,132,301,108,245
137,6.85,12,12,105,149,156,217,130,183
137,6.85,11,11,58,143,108,197,83,170
137,6.85,21,27,280,226,341,289,310,257
137,6.85,9,9,464,202,532,263,498,232
137,6.85,10,10,503,182,573,250,538,216
137,6.85,22,28,433,142,487,189,460,165
137,6.85,8,8,475,144,524,184,499,164
137,6.85,14,14,121,115,182,202,151,158
138,6.9,1,1,210,214,282,299,246,256
138,6.9,2,2,292,114,352,168,322,141
138,6.9,3,3,236,157,303,221,269,189
138,6.9,5,5,231,117,293,178,262,147
138,6.9,6,6,32,197,101,255,66,226
138,6.9,7,7,84,190,132,301,108,245
138,6.9,12,12,106,150,156,218,131,184
138,6.9,11,11,58,143,110,198,84,170
138,6.9,21,27,279,226,341,289,310,257
138,6.9,9,9,464,202,532,263,498,232
138,6.9,10,10,503,182,573,250,538,216
138,6.9,22,28,433,141,490,189,461,165
138,6.9,8,8,472,144,525,184,498,164
138,6.9,14,14,121,115,182,201,151,158
139,6.95,1,1,210,214,282,300,246,257
139,6.95,2,2,292,114,352,168,322,141
139,6.95,3,3,236,157,303,221,269,189
139,6.95,5,5,232,118,293,178,262,148
139,6.95,6,6,32,196,100,254,66,225
139,6.95,7,7,83,189,132,301,107,245
139,6.95,12,12,108,150,156,218,132,184
139,6.95,11,11,58,143,112,199,85,171
139,6.95,21,27,279,226,341,290,310,258
139,6.95,9,9,464,202,532,263,498,232
139,6.95,10,10,503,182,573,251,538,216
139,6.95,22,28,433,142,489,189,461,165
139,6.95,8,8,470,144,526,184,498,164
139,6.95,14,14,121,115,182,201,151,158
140,7.0,1,1,210,214,282,300,246,257
140,7.0,2,2,292,114,352,168,322,141
140,7.0,3,3,236,157,303,220,269,188
140,7.0,5,5,232,119,293,178,262,148
140,7.0,6,6,32,196,94,253,63,224
140,7.0,7,7,83,189,132,301,107,245
140,7.0,12,12,109,150,156,217,132,183
140,7.0,11,11,58,143,114,200,86,171
140,7.0,21,27,280,228,341,290,310,259
140,7.0,9,9,464,202,531,263,497,232
140,7.0,10,10,503,182,574,250,538,216
140,7.0,22,28,433,141,490,189,461,165
140,7.0,8,8,471,144,526,184,498,164
140,7.0,14,14,121,115,183,201,152,158
141,7.05,1,1,209,213,282,300,245,256
141,7.05,2,2,292,114,352,168,322,141
141,7.05,3,3,235,157,302,220,268,188
141,7.05,5,5,232,120,293,178,262,149
141,7.05,6,6,32,195,91,252,61,223
141,7.05,7,7,82,189,132,301,107,245
141,7.05,12,12,109,150,156,218,132,184
141,7.05,11,11,57,143,114,200,85,171
141,7.05,21,27,280,228,341,290,310,259
141,7.05,9,9,464,202,531,263,497,232
141,7.05,10,10,503,182,574,250,538,216
141,7.05,22,28,433,141,489,189,461,165
141,7.05,8,8,470,144,527,184,498,164
141,7.05,14,14,120,115,182,202,151,158
142,7.1,1,1,209,213,282,300,245,256
142,7.1,2,2,292,114,353,168,322,141
142,7.1,3,3,235,157,302,220,268,188
142,7.1,5,5,231,121,294,178,262,149
142,7.1,6,6,32,195,90,252,61,223
142,7.1,7,7,82,189,132,301,107,245
142,7.1,12,12,110,151,156,218,133,184
142,7.1,11,11,57,144,114,202,85,173
142,7.1,21,27,280,228,341,290,310,259
142,7.1,9,9,464,202,531,263,497,232
142,7.1,10,10,503,181,575,250,539,215
142,7.1,22,28,433,141,489,189,461,165
142,7.1,8,8,471,144,527,184,499,164
142,7.1,14,14,120,115,182,202,151,158
143,7.15,1,1,209,212,282,300,245,256
143,7.15,2,2,292,114,353,168,322,141
143,7.15,3,3,234,157,303,220,268,188
143,7.15,5,5,231,122,294,178,262,150
143,7.15,6,6,32,195,91,252,61,223
143,7.15,7,7,83,189,132,300,107,244
143,7.15,12,12,110,151,156,218,133,184
143,7.15,11,11,56,144,114,202,85,173
143,7.15,21,27,279,228,341,290,310,259
143,7.15,9,9,464,201,530,262,497,231
143,7.15,10,10,504,181,574,250,539,215
143,7.15,22,28,433,142,489,189,461,165
143,7.15,8,8,471,144,527,184,499,164
143,7.15,14,14,120,115,182,202,151,158
143,7.15,24,34,460,141,489,182,474,161
144,7.2,1,1,209,212,282,300,245,256
144,7.2,2,2,292,114,353,168,322,141
144,7.2,3,3,235,157,302,221,268,189
144,7.2,5,5,231,124,293,178,262,151
144,7.2,6,6,32,194,97,253,64,223
144,7.2,7,7,83,189,132,300,107,244
144,7.2,12,12,110,151,156,218,133,184
144,7.2,11,11,55,145,114,202,84,173
144,7.2,21,27,279,229,341,290,310,259
144,7.2,9,9,464,201,529,263,496,232
144,7.2,10,10,504,181,574,250,539,215
144,7.2,22,28,433,142,489,189,461,165
144,7.2,8,8,471,144,527,184,499,164
144,7.2,14,14,121,115,182,202,151,158
145,7.25,1,1,208,213,282,300,245,256
145,7.25,2,2,292,114,353,168,322,141
145,7.25,3,3,235,157,302,221,268,189
145,7.25,5,5,231,125,293,178,262,151
145,7.25,6,6,32,194,99,253,65,223
145,7.25,7,7,83,189,132,300,107,244
145,7.25,12,12,110,151,156,218,133,184
145,7.25,11,11,55,146,106,201,80,173
145,7.25,21,27,279,229,341,290,310,259
145,7.25,9,9,464,202,529,263,496,232
145,7.25,10,10,503,181,575,250,539,215
145,7.25,22,28,433,141,490,189,461,165
145,7.25,8,8,470,144,528,184,499,164
145,7.25,14,14,121,115,182,202,151,158
146,7.3,1,1,208,212,282,301,245,256
146,7.3,2,2,292,114,353,168,322,141
146,7.3,3,3,234,157,303,221,268,189
146,7.3,5,5,231,126,293,178,262,152
146,7.3,6,6,32,194,99,254,65,224
146,7.3,7,7,83,189,132,300,107,244
146,7.3,12,12,110,151,156,218,133,184
146,7.3,11,11,55,146,103,202,79,174
146,7.3,21,27,279,229,341,290,310,259
146,7.3,9,9,464,202,528,263,496,232
146,7.3,10,10,502,181,574,250,538,215
146,7.3,22,28,433,142,490,189,461,165
146,7.3,8,8,470,144,528,184,499,164
146,7.3,14,14,121,116,183,202,152,159
147,7.35,1,1,208,213,282,300,245,256
147,7.35,2,2,292,114,353,168,322,141
147,7.35,3,3,234,157,303,222,268,189
147,7.35,5,5,231,127,293,179,262,153
147,7.35,6,6,32,194,99,254,65,224
147,7.35,7,7,83,189,132,300,107,244
147,7.35,12,12,110,151,156,218,133,184
147,7.35,11,11,55,147,110,202,82,174
147,7.35,21,27,279,229,341,290,310,259
147,7.35,9,9,464,202,528,263,496,232
147,7.35,10,10,502,181,574,251,538,216
147,7.35,22,28,433,142,492,189,462,165
147,7.35,8,8,472,144,527,184,499,164
147,7.35,14,14,121,115,183,202,152,158
148,7.4,1,1,208,213,282,300,245,256
148,7.4,2,2,292,114,353,168,322,141
148,7.4,3,3,234,158,304,225,269,191
148,7.4,5,5,231,127,293,179,262,153
148,7.4,6,6,32,194,99,254,65,224
148,7.4,7,7,83,189,132,300,107,244
148,7.4,12,12,110,151,156,218,133,184
148,7.4,11,11,55,148,113,205,84,176
148,7.4,21,27,279,229,341,290,310,259
148,7.4,9,9,464,202,528,263,496,232
148,7.4,10,10,502,181,574,251,538,216
148,7.4,22,28,434,142,493,189,463,165
148,7.4,8,8,472,144,526,184,499,164
148,7.4,14,14,120,115,183,202,151,158
148,7.4,4,4,434,142,523,187,478,164
149,7.45,1,1,209,213,282,300,245,256
149,7.45,2,2,292,114,352,168,322,141
149,7.45,3,3,233,156,303,225,268,190
149,7.45,5,5,231,128,293,179,262,153
149,7.45,6,6,32,194,99,254,65,224
149,7.45,7,7,83,189,132,300,107,244
149,7.45,12,12,110,151,156,218,133,184
149,7.45,11,11,55,148,114,203,84,175
149,7.45,21,27,279,230,341,290,310,260
149,7.45,9,9,464,202,527,263,495,232
149,7.45,10,10,502,181,574,251,538,216
149,7.45,22,28,434,142,493,188,463,165
149,7.45,8,8,471,144,527,184,499,164
149,7.45,14,14,120,114,183,202,151,158
150,7.5,1,1,208,212,282,300,245,256
150,7.5,2,2,292,114,352,168,322,141
150,7.5,3,3,233,156,303,225,268,190
150,7.5,5,5,231,128,293,180,262,154
150,7.5,6,6,32,194,99,254,65,224
150,7.5,7,7,83,189,132,300,107,244
150,7.5,12,12,110,151,156,219,133,185
150,7.5,11,11,55,148,114,203,84,175
150,7.5,21,27,279,230,341,290,310,260
150,7.5,9,9,464,202,528,263,496,232
150,7.5,10,10,502,181,574,251,538,216
150,7.5,22,28,434,141,495,187,464,164
150,7.5,8,8,471,144,526,184,498,164
150,7.5,14,14,120,115,183,202,151,158
151,7.55,1,1,208,212,282,300,245,256
151,7.55,2,2,292,114,353,168,322,141
151,7.55,3,3,233,157,304,224,268,190
151,7.55,5,5,231,129,293,180,262,154
151,7.55,6,6,32,194,95,254,63,224
151,7.55,7,7,83,189,132,300,107,244
151,7.55,12,12,109,151,156,219,132,185
151,7.55,11,11,55,149,114,206,84,177
151,7.55,21,27,279,230,341,290,310,260
151,7.55,9,9,464,202,528,263,496,232
151,7.55,10,10,503,181,574,251,538,216
151,7.55,22,28,433,142,495,186,464,164
151,7.55,8,8,471,144,526,184,498,164
151,7.55,14,14,120,115,183,202,151,158
152,7.6,1,1,207,212,282,300,244,256
152,7.6,2,2,292,114,353,168,322,141
152,7.6,3,3,233,156,304,222,268,189
152,7.6,5,5,231,129,293,185,262,157
152,7.6,6,6,32,193,90,254,61,223
152,7.6,7,7,83,189,132,300,107,244
152,7.6,12,12,109,150,156,219,132,184
152,7.6,11,11,55,149,114,208,84,178
152,7.6,21,27,279,230,341,289,310,259
152,7.6,9,9,464,202,528,263,496,232
152,7.6,10,10,503,181,574,251,538,216
152,7.6,22,28,433,142,495,187,464,164
152,7.6,8,8,471,144,526,184,498,164
152,7.6,14,14,120,116,183,202,151,159
153,7.65,1,1,207,212,282,300,244,256
153,7.65,2,2,292,114,353,168,322,141
153,7.65,3,3,232,157,304,225,268,191
153,7.65,5,5,231,128,293,188,262,158
153,7.65,6,6,32,193,88,253,60,223
153,7.65,7,7,83,189,132,300,107,244
153,7.65,12,12,110,150,156,219,133,184
153,7.65,11,11,55,149,114,209,84,179
153,7.65,21,27,279,231,341,289,310,260
153,7.65,9,9,464,202,528,263,496,232
153,7.65,10,10,504,181,574,251,539,216
153,7.65,22,28,432,141,495,187,463,164
153,7.65,8,8,470,144,527,184,498,164
153,7.65,14,14,120,117,182,202,151,159
154,7.7,1,1,207,211,282,300,244,255
154,7.7,2,2,292,114,353,168,322,141
154,7.7,3,3,232,157,304,227,268,192
154,7.7,5,5,231,128,293,191,262,159
154,7.7,6,6,32,193,88,253,60,223
154,7.7,7,7,83,189,132,300,107,244
154,7.7,12,12,110,149,156,219,133,184
154,7.7,11,11,55,149,114,209,84,179
154,7.7,21,27,279,231,341,289,310,260
154,7.7,9,9,464,202,527,263,495,232
154,7.7,10,10,504,181,574,251,539,216
154,7.7,22,28,432,141,495,189,463,165
154,7.7,8,8,469,144,527,184,498,164
154,7.7,14,14,120,117,182,203,151,160
155,7.75,1,1,208,210,282,300,245,255
155,7.75,2,2,292,114,353,168,322,141
155,7.75,3,3,232,157,303,226,267,191
155,7.75,5,5,231,128,293,193,262,160
155,7.75,6,6,32,193,88,253,60,223
155,7.75,7,7,83,189,132,300,107,244
155,7.75,12,12,111,149,156,219,133,184
155,7.75,11,11,55,149,114,209,84,179
155,7.75,21,27,279,231,341,290,310,260
155,7.75,9,9,464,202,528,263,496,232
155,7.75,10,10,503,181,574,251,538,216
155,7.75,22,28,432,141,495,191,463,166
155,7.75,8,8,469,144,527,184,498,164
155,7.75,14,14,120,118,182,203,151,160
155,7.75,4,4,432,142,526,191,479,166
156,7.8,1,1,208,210,282,300,245,255
156,7.8,2,2,292,114,353,168,322,141
156,7.8,3,3,232,157,303,227,267,192
156,7.8,5,5,231,128,293,192,262,160
156,7.8,6,6,32,193,88,253,60,223
156,7.8,7,7,83,189,132,300,107,244
156,7.8,12,12,111,149,156,219,133,184
156,7.8,11,11,55,148,115,207,85,177
156,7.8,21,27,279,232,341,290,310,261
156,7.8,9,9,464,202,529,262,496,232
156,7.8,10,10,503,181,574,251,538,216
156,7.8,22,28,432,142,495,192,463,167
156,7.8,8,8,469,144,527,184,498,164
156,7.8,14,14,120,118,182,203,151,160
156,7.8,4,4,432,142,526,191,479,166
157,7.85,1,1,209,211,282,300,245,255
157,7.85,2,2,292,114,352,168,322,141
157,7.85,3,3,232,158,303,228,267,193
157,7.85,5,5,231,129,293,193,262,161
157,7.85,6,6,32,193,89,254,60,223
157,7.85,7,7,83,189,132,300,107,244
157,7.85,12,12,112,149,156,219,134,184
157,7.85,11,11,54,148,115,208,84,178
157,7.85,21,27,279,232,341,290,310,261
157,7.85,9,9,464,202,529,262,496,232
157,7.85,10,10,504,181,574,251,539,216
157,7.85,22,28,432,142,495,193,463,167
157,7.85,8,8,469,144,526,184,497,164
157,7.85,14,14,120,118,182,203,151,160
157,7.85,4,4,432,142,525,193,478,167
158,7.9,1,1,209,211,282,299,245,255
158,7.9,2,2,292,114,352,168,322,141
158,7.9,3,3,233,158,303,227,268,192
158,7.9,5,5,231,129,293,186,262,157
158,7.9,6,6,32,193,87,253,59,223
158,7.9,7,7,83,189,132,300,107,244
158,7.9,12,12,112,149,156,220,134,184
158,7.9,11,11,54,148,115,209,84,178
158,7.9,21,27,279,232,341,290,310,261
158,7.9,9,9,464,202,528,262,496,232
158,7.9,10,10,503,181,575,251,539,216
158,7.9,22,28,432,142,495,195,463,168
158,7.9,8,8,470,144,526,184,498,164
158,7.9,14,14,120,118,182,203,151,160
158,7.9,4,4,432,142,525,194,478,168
159,7.95,1,1,208,211,283,299,245,255
159,7.95,2,2,292,114,353,168,322,141
159,7.95,3,3,233,158,303,229,268,193
159,7.95,5,5,231,129,293,185,262,157
159,7.95,6,6,32,193,87,253,59,223
159,7.95,7,7,83,189,132,300,107,244
159,7.95,12,12,112,148,156,220,134,184
159,7.95,11,11,54,148,115,207,84,177
159,7.95,21,27,279,232,341,290,310,261
159,7.95,9,9,464,202,528,262,496,232
159,7.95,10,10,502,181,575,251,538,216
159,7.95,22,28,433,142,496,194,464,168
159,7.95,8,8,470,144,526,185,498,164
159,7.95,14,14,120,118,182,203,151,160
159,7.95,4,4,433,142,525,194,479,168
159,7.95,15,15,463,181,576,262,519,221
160,8.0,1,1,208,211,283,299,245,255
160,8.0,2,2,292,114,352,168,322,141
160,8.0,3,3,233,158,303,227,268,192
160,8.0,5,5,231,129,293,184,262,156
160,8.0,6,6,32,193,86,253,59,223
160,8.0,7,7,83,189,132,300,107,244
160,8.0,12,12,112,148,155,220,133,184
160,8.0,11,11,54,147,115,202,84,174
160,8.0,21,27,279,232,341,290,310,261
160,8.0,9,9,464,202,527,263,495,232
160,8.0,10,10,501,181,576,251,538,216
160,8.0,22,28,433,142,496,193,464,167
160,8.0,8,8,470,144,525,185,497,164
160,8.0,14,14,120,118,182,203,151,160
160,8.0,4,4,433,142,525,194,479,168
160,8.0,15,15,470,181,576,257,523,219
161,8.05,1,1,207,211,282,298,244,254
161,8.05,2,2,292,114,352,168,322,141
161,8.05,3,3,233,158,303,225,268,191
161,8.05,5,5,231,129,293,183,262,156
161,8.05,6,6,32,193,87,253,59,223
161,8.05,7,7,83,189,132,300,107,244
161,8.05,12,12,112,148,155,220,133,184
161,8.05,11,11,54,147,115,201,84,174
161,8.05,21,27,279,233,341,290,310,261
161,8.05,9,9,464,202,527,263,495,232
161,8.05,10,10,502,181,576,251,539,216
161,8.05,22,28,433,142,496,193,464,167
161,8.05,8,8,469,144,526,185,497,164
161,8.05,14,14,120,118,182,203,151,160
161,8.05,4,4,433,142,524,194,478,168
162,8.1,1,1,207,210,288,298,247,254
162,8.1,2,2,292,114,352,168,322,141
162,8.1,3,3,233,158,305,221,269,189
162,8.1,5,5,231,129,293,180,262,154
162,8.1,6,6,32,193,86,254,59,223
162,8.1,7,7,83,189,132,301,107,245
162,8.1,12,12,112,147,155,218,133,182
162,8.1,11,11,54,147,108,204,81,175
162,8.1,21,27,279,233,341,288,310,260
162,8.1,9,9,463,202,529,263,496,232
162,8.1,10,10,503,181,576,250,539,215
162,8.1,22,28,433,142,496,193,464,167
162,8.1,8,8,470,144,524,184,497,164
162,8.1,14,14,120,117,182,203,151,160
162,8.1,15,15,467,180,576,256,521,218
163,8.15,1,1,207,210,289,298,248,254
163,8.15,2,2,292,114,352,168,322,141
163,8.15,3,3,233,159,305,220,269,189
163,8.15,5,5,231,129,292,179,261,154
163,8.15,6,6,32,193,86,254,59,223
163,8.15,7,7,83,189,132,301,107,245
163,8.15,12,12,112,147,155,218,133,182
163,8.15,11,11,53,147,106,204,79,175
163,8.15,21,27,280,233,341,288,310,260
163,8.15,9,9,463,202,530,263,496,232
163,8.15,10,10,503,181,575,250,539,215
163,8.15,22,28,433,142,496,193,464,167
163,8.15,8,8,470,144,523,184,496,164
163,8.15,14,14,120,117,182,203,151,160
163,8.15,15,15,468,180,576,255,522,217
164,8.2,1,1,207,210,290,298,248,254
164,8.2,2,2,292,114,352,168,322,141
164,8.2,3,3,232,159,306,220,269,189
164,8.2,5,5,231,129,292,179,261,154
164,8.2,6,6,32,193,86,254,59,223
164,8.2,7,7,83,189,132,301,107,245
164,8.2,12,12,112,147,156,217,134,182
164,8.2,11,11,54,148,108,203,81,175
164,8.2,21,27,280,233,341,288,310,260
164,8.2,9,9,463,202,530,263,496,232
164,8.2,10,10,503,181,575,251,539,216
164,8.2,22,28,434,143,496,192,465,167
164,8.2,8,8,471,144,522,184,496,164
164,8.2,14,14,120,117,182,203,151,160
164,8.2,15,15,471,180,575,254,523,217
165,8.25,1,1,206,210,287,298,246,254
165,8.25,2,2,292,114,352,168,322,141
165,8.25,3,3,232,159,306,223,269,191
165,8.25,5,5,231,129,293,179,262,154
165,8.25,6,6,32,193,86,254,59,223
165,8.25,7,7,83,189,132,301,107,245
165,8.25,12,12,112,146,156,217,134,181
165,8.25,11,11,53,148,106,206,79,177
165,8.25,21,27,280,233,341,288,310,260
165,8.25,9,9,463,202,529,263,496,232
165,8.25,10,10,503,181,575,251,539,216
165,8.25,22,28,434,143,497,191,465,167
165,8.25,8,8,472,144,523,184,497,164
165,8.25,14,14,120,117,182,202,151,159
165,8.25,15,15,470,180,575,254,522,217
165,8.25,13,13,83,189,131,260,107,224
166,8.3,1,1,205,211,286,297,245,254
166,8.3,2,2,292,114,352,168,322,141
166,8.3,3,3,232,159,306,223,269,191
166,8.3,5,5,231,129,293,179,262,154
166,8.3,6,6,32,194,86,254,59,224
166,8.3,7,7,83,189,132,301,107,245
166,8.3,12,12,112,145,156,218,134,181
166,8.3,11,11,54,149,109,208,81,178
166,8.3,21,27,280,233,341,288,310,260
166,8.3,9,9,463,201,529,263,496,232
166,8.3,10,10,504,181,574,251,539,216
166,8.3,22,28,434,144,497,191,465,167
166,8.3,8,8,472,145,523,184,497,164
166,8.3,14,14,120,117,182,202,151,159
166,8.3,15,15,471,180,575,254,523,217
166,8.3,13,13,83,189,131,260,107,224
167,8.35,1,1,204,212,288,298,246,255
167,8.35,2,2,292,114,352,168,322,141
167,8.35,3,3,232,159,306,225,269,192
167,8.35,5,5,231,129,293,178,262,153
167,8.35,6,6,32,194,86,254,59,224
167,8.35,7,7,83,189,132,301,107,245
167,8.35,12,12,112,137,156,218,134,177
167,8.35,11,11,54,150,112,208,83,179
167,8.35,21,27,280,233,341,288,310,260
167,8.35,9,9,463,201,529,263,496,232
167,8.35,10,10,505,181,574,251,539,216
167,8.35,22,28,434,145,498,191,466,168
167,8.35,8,8,472,145,525,184,498,164
167,8.35,14,14,119,117,182,202,150,159
167,8.35,15,15,471,180,575,254,523,217
167,8.35,13,13,83,188,131,260,107,224
168,8.4,1,1,204,211,286,300,245,255
168,8.4,2,2,292,114,352,168,322,141
168,8.4,3,3,232,159,306,226,269,192
168,8.4,5,5,231,129,293,178,262,153
168,8.4,6,6,32,194,86,254,59,224
168,8.4,7,7,83,189,132,301,107,245
168,8.4,12,12,112,126,159,218,135,172
168,8.4,11,11,55,150,112,209,83,179
168,8.4,21,27,280,233,341,288,310,260
168,8.4,9,9,463,201,529,263,496,232
168,8.4,10,10,506,181,574,251,540,216
168,8.4,22,28,434,145,498,191,466,168
168,8.4,8,8,473,145,525,184,499,164
168,8.4,14,14,116,118,182,203,149,160
168,8.4,15,15,470,180,575,254,522,217
168,8.4,13,13,83,188,131,260,107,224
169,8.45,1,1,203,211,285,301,244,256
169,8.45,2,2,292,114,352,168,322,141
169,8.45,3,3,232,159,307,227,269,193
169,8.45,5,5,231,129,292,178,261,153
169,8.45,6,6,32,194,86,254,59,224
169,8.45,7,7,83,188,132,301,107,244
169,8.45,12,12,112,135,157,218,134,176
169,8.45,11,11,56,151,113,209,84,180
169,8.45,21,27,280,233,341,288,310,260
169,8.45,9,9,463,201,529,263,496,232
169,8.45,10,10,505,181,574,251,539,216
169,8.45,22,28,434,146,498,191,466,168
169,8.45,8,8,472,144,525,184,498,164
169,8.45,14,14,118,118,182,202,150,160
169,8.45,15,15,469,180,575,254,522,217
170,8.5,1,1,203,211,284,302,243,256
170,8.5,2,2,292,114,352,168,322,141
170,8.5,3,3,232,159,307,228,269,193
170,8.5,5,5,231,129,292,178,261,153
170,8.5,6,6,32,194,87,254,59,224
170,8.5,7,7,83,189,132,301,107,245
170,8.5,12,12,110,139,156,219,133,179
170,8.5,11,11,57,152,114,209,85,180
170,8.5,21,27,280,233,341,288,310,260
170,8.5,9,9,463,202,529,263,496,232
170,8.5,10,10,504,181,575,251,539,216
170,8.5,22,28,434,146,497,191,465,168
170,8.5,8,8,472,144,524,184,498,164
170,8.5,14,14,120,118,182,202,151,160
170,8.5,15,15,469,180,575,254,522,217
171,8.55,1,1,202,211,284,302,243,256
171,8.55,2,2,292,114,352,168,322,141
171,8.55,3,3,232,160,307,228,269,194
171,8.55,5,5,231,129,293,178,262,153
171,8.55,6,6,32,194,87,254,59,224
171,8.55,7,7,83,189,132,301,107,245
171,8.55,12,12,109,141,156,219,132,180
171,8.55,11,11,58,153,114,209,86,181
171,8.55,21,27,280,233,341,289,310,261
171,8.55,9,9,463,202,529,263,496,232
171,8.55,10,10,503,181,575,251,539,216
171,8.55,22,28,434,146,498,191,466,168
171,8.55,8,8,473,144,524,184,498,164
171,8.55,14,14,121,118,182,202,151,160
171,8.55,15,15,471,181,575,254,523,217
172,8.6,1,1,202,212,283,302,242,257
172,8.6,2,2,292,114,352,168,322,141
172,8.6,3,3,232,160,307,227,269,193
172,8.6,5,5,231,129,292,178,261,153
172,8.6,6,6,32,194,87,254,59,224
172,8.6,7,7,83,189,132,301,107,245
172,8.6,12,12,108,141,156,219,132,180
172,8.6,11,11,59,153,114,209,86,181
172,8.6,21,27,279,233,341,289,310,261
172,8.6,9,9,463,202,529,263,496,232
172,8.6,10,10,503,181,575,251,539,216
172,8.6,22,28,434,146,498,191,466,168
172,8.6,8,8,473,144,524,184,498,164
172,8.6,14,14,121,117,182,202,151,159
172,8.6,15,15,471,181,574,254,522,217
173,8.65,1,1,202,212,283,302,242,257
173,8.65,2,2,292,114,352,168,322,141
173,8.65,3,3,232,160,307,226,269,193
173,8.65,5,5,231,129,293,178,262,153
173,8.65,6,6,32,194,87,254,59,224
173,8.65,7,7,83,189,132,301,107,245
173,8.65,12,12,109,141,156,218,132,179
173,8.65,11,11,59,154,110,209,84,181
173,8.65,21,27,279,233,341,289,310,261
173,8.65,9,9,463,201,529,263,496,232
173,8.65,10,10,503,181,575,251,539,216
173,8.65,22,28,434,146,498,191,466,168
173,8.65,8,8,473,144,524,184,498,164
173,8.65,14,14,121,117,182,202,151,159
173,8.65,15,15,471,181,574,254,522,217
174,8.7,1,1,202,212,283,302,242,257
174,8.7,2,2,292,114,352,168,322,141
174,8.7,3,3,232,160,307,224,269,192
174,8.7,5,5,231,129,293,178,262,153
174,8.7,6,6,32,194,87,254,59,224
174,8.7,7,7,83,189,132,301,107,245
174,8.7,12,12,110,141,156,218,133,179
174,8.7,11,11,59,155,107,209,83,182
174,8.7,21,27,279,233,342,289,310,261
174,8.7,9,9,463,201,529,263,496,232
174,8.7,10,10,502,181,574,251,538,216
174,8.7,22,28,434,146,498,191,466,168
174,8.7,8,8,473,144,524,184,498,164
174,8.7,14,14,121,117,182,202,151,159
174,8.7,15,15,470,181,574,254,522,217
175,8.75,1,1,202,212,283,302,242,257
175,8.75,2,2,292,114,352,168,322,141
175,8.75,3,3,232,160,307,223,269,191
175,8.75,5,5,231,129,293,178,262,153
175,8.75,6,6,32,194,87,254,59,224
175,8.75,7,7,83,189,132,300,107,244
175,8.75,12,12,110,141,156,217,133,179
175,8.75,11,11,59,156,107,209,83,182
175,8.75,21,27,279,233,342,289,310,261
175,8.75,9,9,463,201,529,263,496,232
175,8.75,10,10,503,181,574,251,538,216
175,8.75,22,28,434,146,498,191,466,168
175,8.75,8,8,473,144,526,184,499,164
175,8.75,14,14,121,117,182,202,151,159
175,8.75,15,15,471,181,574,254,522,217
176,8.8,1,1,202,212,283,302,242,257
176,8.8,2,2,292,114,352,168,322,141
176,8.8,3,3,232,160,307,225,269,192
176,8.8,5,5,231,129,293,178,262,153
176,8.8,6,6,32,194,88,254,60,224
176,8.8,7,7,84,189,132,300,108,244
176,8.8,12,12,110,141,156,217,133,179
176,8.8,11,11,59,157,106,209,82,183
176,8.8,21,27,280,233,342,288,311,260
176,8.8,9,9,463,201,529,263,496,232
176,8.8,10,10,504,181,574,251,539,216
176,8.8,22,28,434,146,498,191,466,168
176,8.8,8,8,473,144,525,184,499,164
176,8.8,14,14,121,117,182,202,151,159
176,8.8,15,15,470,181,574,254,522,217
177,8.85,1,1,202,211,283,302,242,256
177,8.85,2,2,292,114,352,168,322,141
177,8.85,3,3,232,160,307,225,269,192
177,8.85,5,5,231,129,293,178,262,153
177,8.85,6,6,32,194,87,254,59,224
177,8.85,7,7,84,189,132,300,108,244
177,8.85,12,12,109,138,156,217,132,177
177,8.85,11,11,59,157,106,209,82,183
177,8.85,21,27,280,233,342,287,311,260
177,8.85,9,9,463,201,529,263,496,232
177,8.85,10,10,504,181,575,251,539,216
177,8.85,22,28,434,146,498,191,466,168
177,8.85,8,8,473,144,526,184,499,164
177,8.85,14,14,120,117,182,202,151,159
177,8.85,15,15,469,181,574,254,521,217
178,8.9,1,1,202,210,284,302,243,256
178,8.9,2,2,292,114,352,168,322,141
178,8.9,3,3,232,161,307,226,269,193
178,8.9,5,5,231,129,293,178,262,153
178,8.9,6,6,32,194,87,254,59,224
178,8.9,7,7,84,189,132,300,108,244
178,8.9,12,12,109,141,156,217,132,179
178,8.9,11,11,59,158,105,209,82,183
178,8.9,21,27,280,233,342,287,311,260
178,8.9,9,9,463,201,529,263,496,232
178,8.9,10,10,504,181,575,251,539,216
178,8.9,22,28,434,146,498,191,466,168
178,8.9,8,8,473,144,524,184,498,164
178,8.9,14,14,121,117,182,203,151,160
178,8.9,15,15,468,181,574,254,521,217
179,8.95,1,1,203,210,283,302,243,256
179,8.95,2,2,292,114,352,168,322,141
179,8.95,3,3,232,162,307,226,269,194
179,8.95,5,5,231,129,293,178,262,153
179,8.95,6,6,32,194,87,254,59,224
179,8.95,7,7,84,189,132,300,108,244
179,8.95,12,12,109,142,156,217,132,179
179,8.95,11,11,59,158,105,208,82,183
179,8.95,21,27,280,233,342,286,311,259
179,8.95,9,9,463,201,530,263,496,232
179,8.95,10,10,505,181,574,251,539,216
179,8.95,22,28,434,145,498,191,466,168
179,8.95,8,8,473,144,523,184,498,164
179,8.95,14,14,122,117,182,203,152,160
179,8.95,15,15,468,181,574,254,521,217
180,9.0,1,1,203,210,284,302,243,256
180,9.0,2,2,292,114,352,168,322,141
180,9.0,3,3,232,162,307,225,269,193
180,9.0,5,5,231,130,293,179,262,154
180,9.0,6,6,32,194,87,254,59,224
180,9.0,7,7,84,189,132,300,108,244
180,9.0,12,12,110,143,156,217,133,180
180,9.0,11,11,59,158,108,208,83,183
180,9.0,21,27,280,233,342,286,311,259
180,9.0,9,9,463,202,530,263,496,232
180,9.0,10,10,505,181,574,251,539,216
180,9.0,22,28,434,145,498,191,466,168
180,9.0,8,8,473,144,524,184,498,164
180,9.0,14,14,121,117,182,203,151,160
180,9.0,15,15,467,181,575,255,521,218
181,9.05,1,1,203,210,285,302,244,256
181,9.05,2,2,292,114,352,168,322,141
181,9.05,3,3,232,161,307,225,269,193
181,9.05,5,5,231,129,293,179,262,154
181,9.05,6,6,32,194,87,254,59,224
181,9.05,7,7,84,189,132,300,108,244
181,9.05,12,12,110,143,156,217,133,180
181,9.05,11,11,59,158,110,208,84,183
181,9.05,21,27,280,233,342,286,311,259
181,9.05,9,9,463,202,530,263,496,232
181,9.05,10,10,504,181,574,251,539,216
181,9.05,22,28,434,144,498,191,466,167
181,9.05,8,8,474,144,525,184,499,164
181,9.05,14,14,121,117,182,203,151,160
182,9.1,1,1,203,210,285,302,244,256
182,9.1,2,2,292,114,352,168,322,141
182,9.1,3,3,232,161,307,224,269,192
182,9.1,5,5,231,129,293,178,262,153
182,9.1,6,6,32,194,87,254,59,224
182,9.1,7,7,84,189,132,300,108,244
182,9.1,12,12,108,145,156,218,132,181
182,9.1,11,11,59,159,110,208,84,183
182,9.1,21,27,280,233,342,286,311,259
182,9.1,9,9,463,201,530,263,496,232
182,9.1,10,10,504,181,574,250,539,215
182,9.1,22,28,434,144,497,191,465,167
182,9.1,8,8,474,144,525,184,499,164
182,9.1,14,14,121,117,182,203,151,160
183,9.15,1,1,203,210,285,302,244,256
183,9.15,2,2,292,114,352,168,322,141
183,9.15,3,3,232,161,308,224,270,192
183,9.15,5,5,231,129,293,178,262,153
183,9.15,6,6,32,194,87,254,59,224
183,9.15,7,7,84,189,132,300,108,244
183,9.15,12,12,108,145,156,218,132,181
183,9.15,11,11,59,160,110,208,84,184
183,9.15,21,27,281,233,342,286,311,259
183,9.15,9,9,463,201,530,263,496,232
183,9.15,10,10,504,181,574,250,539,215
183,9.15,22,28,434,143,497,190,465,166
183,9.15,8,8,474,144,526,184,500,164
183,9.15,14,14,120,117,182,203,151,160
183,9.15,15,15,468,181,575,255,521,218
184,9.2,1,1,204,210,285,301,244,255
184,9.2,2,2,292,114,352,168,322,141
184,9.2,3,3,232,161,308,224,270,192
184,9.2,5,5,231,129,293,178,262,153
184,9.2,6,6,32,194,87,254,59,224
184,9.2,7,7,84,189,132,300,108,244
184,9.2,12,12,107,145,156,218,131,181
184,9.2,11,11,59,160,109,208,84,184
184,9.2,21,27,281,233,342,286,311,259
184,9.2,9,9,463,201,530,263,496,232
184,9.2,10,10,505,181,574,250,539,215
184,9.2,22,28,434,143,497,190,465,166
184,9.2,8,8,474,144,527,184,500,164
184,9.2,14,14,120,117,182,203,151,160
184,9.2,15,15,467,181,575,256,521,218
185,9.25,1,1,204,210,285,301,244,255
185,9.25,2,2,292,114,352,168,322,141
185,9.25,3,3,232,161,308,224,270,192
185,9.25,5,5,231,129,293,179,262,154
185,9.25,6,6,32,194,87,254,59,224
185,9.25,7,7,84,189,132,300,108,244
185,9.25,12,12,107,146,156,218,131,182
185,9.25,11,11,59,160,111,208,85,184
185,9.25,21,27,281,233,342,286,311,259
185,9.25,9,9,463,201,530,263,496,232
185,9.25,10,10,506,181,574,250,540,215
185,9.25,22,28,434,143,497,190,465,166
185,9.25,8,8,474,144,527,184,500,164
185,9.25,14,14,120,117,182,203,151,160
185,9.25,15,15,467,181,574,256,520,218
186,9.3,1,1,204,210,284,301,244,255
186,9.3,2,2,292,114,352,168,322,141
186,9.3,3,3,232,162,308,224,270,193
186,9.3,5,5,231,129,293,179,262,154
186,9.3,6,6,32,194,88,254,60,224
186,9.3,7,7,84,189,132,300,108,244
186,9.3,12,12,108,146,156,218,132,182
186,9.3,11,11,59,160,113,208,86,184
186,9.3,21,27,280,233,342,286,311,259
186,9.3,9,9,463,201,531,263,497,232
186,9.3,10,10,506,181,574,250,540,215
186,9.3,22,28,434,143,497,190,465,166
186,9.3,8,8,474,144,527,184,500,164
186,9.3,14,14,120,116,182,203,151,159
186,9.3,15,15,467,181,574,256,520,218
187,9.35,1,1,203,210,284,301,243,255
187,9.35,2,2,292,114,352,168,322,141
187,9.35,3,3,232,162,308,224,270,193
187,9.35,5,5,231,128,293,178,262,153
187,9.35,6,6,32,194,88,254,60,224
187,9.35,7,7,84,189,132,300,108,244
187,9.35,12,12,108,146,156,218,132,182
187,9.35,11,11,59,160,113,208,86,184
187,9.35,21,27,280,233,342,286,311,259
187,9.35,9,9,463,201,531,263,497,232
187,9.35,10,10,506,181,574,250,540,215
187,9.35,22,28,434,143,497,190,465,166
187,9.35,8,8,473,144,526,184,499,164
187,9.35,14,14,120,117,182,203,151,160
187,9.35,15,15,465,181,575,261,520,221
188,9.4,1,1,203,209,284,301,243,255
188,9.4,2,2,292,114,352,168,322,141
188,9.4,3,3,232,160,308,224,270,192
188,9.4,5,5,231,127,293,179,262,153
188,9.4,6,6,32,194,88,254,60,224
188,9.4,7,7,84,189,132,300,108,244
188,9.4,12,12,107,146,156,217,131,181
188,9.4,11,11,59,161,110,208,84,184
188,9.4,21,27,280,233,342,287,311,260
188,9.4,9,9,463,201,530,263,496,232
188,9.4,10,10,505,181,574,251,539,216
188,9.4,22,28,434,143,497,190,465,166
188,9.4,8,8,473,144,527,184,500,164
188,9.4,14,14,120,116,182,203,151,159
188,9.4,15,15,464,181,575,262,519,221
189,9.45,1,1,203,208,284,301,243,254
189,9.45,2,2,292,114,352,168,322,141
189,9.45,3,3,232,159,308,224,270,191
189,9.45,5,5,231,125,293,178,262,151
189,9.45,6,6,32,194,94,255,63,224
189,9.45,7,7,84,189,132,300,108,244
189,9.45,12,12,106,146,156,217,131,181
189,9.45,11,11,59,161,108,208,83,184
189,9.45,21,27,280,233,342,287,311,260
189,9.45,9,9,463,201,530,263,496,232
189,9.45,10,10,504,181,574,251,539,216
189,9.45,22,28,434,143,497,190,465,166
189,9.45,8,8,472,144,526,184,499,164
189,9.45,14,14,121,115,182,203,151,159
189,9.45,15,15,463,181,575,262,519,221
190,9.5,1,1,203,209,285,301,244,255
190,9.5,2,2,292,114,352,168,322,141
190,9.5,3,3,232,159,308,225,270,192
190,9.5,5,5,231,123,293,178,262,150
190,9.5,6,6,32,194,97,255,64,224
190,9.5,7,7,84,189,132,300,108,244
190,9.5,12,12,106,146,156,217,131,181
190,9.5,11,11,59,161,109,208,84,184
190,9.5,21,27,280,233,342,288,311,260
190,9.5,9,9,463,201,529,263,496,232
190,9.5,10,10,504,181,574,251,539,216
190,9.5,22,28,434,143,497,190,465,166
190,9.5,8,8,472,144,526,184,499,164
190,9.5,14,14,121,114,182,202,151,158
190,9.5,15,15,463,181,574,263,518,222
191,9.55,1,1,203,209,284,300,243,254
191,9.55,2,2,292,114,352,168,322,141
191,9.55,3,3,232,159,308,226,270,192
191,9.55,5,5,231,122,294,178,262,150
191,9.55,6,6,32,194,98,255,65,224
191,9.55,7,7,84,189,132,300,108,244
191,9.55,12,12,106,146,156,217,131,181
191,9.55,11,11,59,161,112,207,85,184
191,9.55,21,27,279,233,342,288,310,260
191,9.55,9,9,463,201,529,263,496,232
191,9.55,10,10,504,181,574,251,539,216
191,9.55,22,28,434,143,497,190,465,166
191,9.55,8,8,472,144,526,184,499,164
191,9.55,14,14,121,114,182,202,151,158
191,9.55,15,15,463,181,574,263,518,222
192,9.6,1,1,203,209,284,300,243,254
192,9.6,2,2,292,114,352,168,322,141
192,9.6,3,3,232,160,308,226,270,193
192,9.6,5,5,231,120,294,178,262,149
192,9.6,6,6,32,194,100,255,66,224
192,9.6,7,7,85,189,132,300,108,244
192,9.6,12,12,108,146,156,217,132,181
192,9.6,11,11,59,161,114,208,86,184
192,9.6,21,27,279,233,342,288,310,260
192,9.6,9,9,463,201,529,263,496,232
192,9.6,10,10,505,181,574,251,539,216
192,9.6,22,28,434,143,497,190,465,166
192,9.6,8,8,472,144,526,184,499,164
192,9.6,14,14,121,114,182,203,151,158
192,9.6,15,15,463,181,574,263,518,222
193,9.65,1,1,204,210,284,300,244,255
193,9.65,2,2,292,114,352,168,322,141
193,9.65,3,3,232,160,308,226,270,193
193,9.65,5,5,231,119,295,178,263,148
193,9.65,6,6,32,194,101,255,66,224
193,9.65,7,7,85,189,132,300,108,244
193,9.65,12,12,108,145,156,217,132,181
193,9.65,11,11,59,161,114,207,86,184
193,9.65,21,27,279,233,342,288,310,260
193,9.65,9,9,463,201,529,263,496,232
193,9.65,10,10,505,181,574,251,539,216
193,9.65,22,28,434,143,497,190,465,166
193,9.65,8,8,473,144,527,184,500,164
193,9.65,14,14,121,115,182,203,151,159
193,9.65,15,15,463,181,574,263,518,222
194,9.7,1,1,204,210,283,301,243,255
194,9.7,2,2,292,114,352,168,322,141
194,9.7,3,3,232,160,308,226,270,193
194,9.7,5,5,232,118,294,178,263,148
194,9.7,6,6,32,194,101,255,66,224
194,9.7,7,7,85,189,132,300,108,244
194,9.7,12,12,107,145,156,216,131,180
194,9.7,21,27,279,233,342,289,310,261
194,9.7,9,9,463,201,529,263,496,232
194,9.7,10,10,505,181,574,251,539,216
194,9.7,22,28,434,143,497,190,465,166
194,9.7,8,8,473,144,527,184,500,164
194,9.7,14,14,121,114,182,203,151,158
194,9.7,15,15,463,181,574,263,518,222
195,9.75,1,1,204,210,283,301,243,255
195,9.75,2,2,292,114,352,168,322,141
195,9.75,3,3,232,160,308,227,270,193
195,9.75,5,5,232,117,294,178,263,147
195,9.75,6,6,32,194,102,255,67,224
195,9.75,7,7,85,189,132,300,108,244
195,9.75,12,12,106,145,156,216,131,180
195,9.75,21,27,279,233,342,289,310,261
195,9.75,9,9,463,201,529,263,496,232
195,9.75,10,10,505,181,574,251,539,216
195,9.75,22,28,434,143,497,190,465,166
195,9.75,8,8,473,144,527,184,500,164
195,9.75,14,14,120,114,182,203,151,158
195,9.75,15,15,463,181,574,263,518,222
196,9.8,1,1,204,210,283,301,243,255
196,9.8,2,2,292,114,352,168,322,141
196,9.8,3,3,232,160,308,227,270,193
196,9.8,5,5,232,116,294,178,263,147
196,9.8,6,6,32,194,102,255,67,224
196,9.8,7,7,85,189,132,300,108,244
196,9.8,12,12,106,145,156,217,131,181
196,9.8,21,27,279,233,342,289,310,261
196,9.8,9,9,463,201,529,263,496,232
196,9.8,10,10,505,181,574,251,539,216
196,9.8,22,28,434,143,497,190,465,166
196,9.8,8,8,472,144,526,184,499,164
196,9.8,14,14,120,114,182,203,151,158
196,9.8,15,15,463,181,574,263,518,222
197,9.85,1,1,204,210,283,301,243,255
197,9.85,2,2,292,114,352,168,322,141
197,9.85,3,3,232,160,308,227,270,193
197,9.85,5,5,232,115,294,178,263,146
197,9.85,6,6,32,194,102,255,67,224
197,9.85,7,7,85,189,132,300,108,244
197,9.85,12,12,105,145,156,217,130,181
197,9.85,21,27,279,233,342,289,310,261
197,9.85,9,9,463,201,529,263,496,232
197,9.85,10,10,505,181,574,251,539,216
197,9.85,22,28,434,143,497,190,465,166
197,9.85,8,8,472,144,525,184,498,164
197,9.85,14,14,120,114,182,203,151,158
197,9.85,15,15,464,181,574,263,519,222
198,9.9,1,1,204,210,283,301,243,255
198,9.9,2,2,292,114,352,168,322,141
198,9.9,3,3,232,160,308,227,270,193
198,9.9,5,5,232,114,294,178,263,146
198,9.9,6,6,32,194,101,255,66,224
198,9.9,7,7,85,189,132,300,108,244
198,9.9,12,12,109,144,156,215,132,179
198,9.9,21,27,279,233,342,289,310,261
198,9.9,9,9,463,201,529,263,496,232
198,9.9,10,10,504,181,574,251,539,216
198,9.9,22,28,434,143,497,190,465,166
198,9.9,8,8,472,144,525,184,498,164
198,9.9,14,14,120,114,182,203,151,158
198,9.9,15,15,464,181,574,263,519,222
199,9.95,1,1,204,209,283,301,243,255
199,9.95,2,2,292,114,352,168,322,141
199,9.95,3,3,232,160,308,228,270,194
199,9.95,5,5,233,113,294,178,263,145
199,9.95,6,6,32,194,99,255,65,224
199,9.95,7,7,85,189,132,301,108,245
199,9.95,12,12,111,143,156,215,133,179
199,9.95,21,27,279,233,342,290,310,261
199,9.95,9,9,463,201,529,263,496,232
199,9.95,10,10,504,181,574,251,539,216
199,9.95,22,28,434,143,497,190,465,166
199,9.95,8,8,473,144,527,184,500,164
199,9.95,14,14,120,113,182,203,151,158
199,9.95,15,15,463,181,574,263,518,222
200,10.0,1,1,204,209,283,300,243,254
200,10.0,2,2,292,114,352,168,322,141
200,10.0,3,3,232,160,308,228,270,194
200,10.0,5,5,233,113,293,178,263,145
200,10.0,6,6,32,194,92,254,62,224
200,10.0,7,7,85,189,132,300,108,244
200,10.0,12,12,107,145,156,216,131,180
200,10.0,21,27,279,233,342,290,310,261
200,10.0,9,9,463,201,529,263,496,232
200,10.0,22,28,434,143,496,190,465,166
200,10.0,8,8,473,144,527,184,500,164
200,10.0,14,14,120,113,182,203,151,158
200,10.0,15,15,464,181,574,263,519,222
200,10.0,11,11,59,161,108,207,83,184
201,10.05,1,1,204,210,283,300,243,255
201,10.05,2,2,292,114,352,168,322,141
201,10.05,3,3,232,160,308,228,270,194
201,10.05,5,5,233,112,294,178,263,145
201,10.05,6,6,32,193,90,255,61,224
201,10.05,7,7,85,189,132,300,108,244
201,10.05,12,12,106,145,156,216,131,180
201,10.05,21,27,279,233,342,289,310,261
201,10.05,9,9,463,201,529,263,496,232
201,10.05,22,28,434,142,494,190,464,166
201,10.05,8,8,473,144,527,184,500,164
201,10.05,14,14,120,113,182,203,151,158
201,10.05,15,15,464,181,574,263,519,222
201,10.05,11,11,59,161,106,207,82,184
201,10.05,10,10,504,181,574,251,539,216
202,10.1,1,1,204,210,284,300,244,255
202,10.1,2,2,292,114,352,168,322,141
202,10.1,3,3,232,160,308,227,270,193
202,10.1,5,5,233,112,294,178,263,145
202,10.1,6,6,32,193,96,255,64,224
202,10.1,7,7,86,189,132,300,109,244
202,10.1,12,12,105,146,156,217,130,181
202,10.1,21,27,279,233,342,290,310,261
202,10.1,9,9,463,201,529,263,496,232
202,10.1,22,28,434,142,494,191,464,166
202,10.1,8,8,473,144,527,184,500,164
202,10.1,14,14,120,113,182,203,151,158
202,10.1,15,15,464,181,574,263,519,222
202,10.1,11,11,59,162,111,208,85,185
203,10.15,1,1,204,210,284,300,244,255
203,10.15,2,2,292,114,352,167,322,140
203,10.15,3,3,232,160,308,226,270,193
203,10.15,5,5,233,112,294,178,263,145
203,10.15,6,6,32,192,98,255,65,223
203,10.15,7,7,86,188,132,300,109,244
203,10.15,12,12,106,146,156,217,131,181
203,10.15,21,27,279,234,342,289,310,261
203,10.15,9,9,463,201,530,263,496,232
203,10.15,22,28,434,142,493,191,463,166
203,10.15,8,8,473,144,526,184,499,164
203,10.15,14,14,121,113,182,202,151,157
203,10.15,15,15,464,181,573,263,518,222
203,10.15,11,11,59,162,113,208,86,185
203,10.15,10,10,509,181,573,250,541,215
204,10.2,1,1,204,210,284,300,244,255
204,10.2,2,2,292,114,352,167,322,140
204,10.2,3,3,232,160,308,226,270,193
204,10.2,5,5,233,112,294,178,263,145
204,10.2,6,6,32,191,99,256,65,223
204,10.2,7,7,86,188,132,300,109,244
204,10.2,12,12,108,145,156,217,132,181
204,10.2,21,27,279,234,342,289,310,261
204,10.2,9,9,463,201,531,263,497,232
204,10.2,22,28,434,141,493,192,463,166
204,10.2,8,8,475,144,526,184,500,164
204,10.2,14,14,121,114,182,202,151,158
204,10.2,15,15,463,181,574,263,518,222
204,10.2,11,11,59,162,114,208,86,185
204,10.2,10,10,508,181,574,250,541,215
205,10.25,1,1,204,210,283,300,243,255
205,10.25,2,2,292,114,352,167,322,140
205,10.25,3,3,232,160,308,226,270,193
205,10.25,5,5,233,112,293,178,263,145
205,10.25,6,6,33,190,99,256,66,223
205,10.25,7,7,86,188,132,300,109,244
205,10.25,12,12,108,146,156,217,132,181
205,10.25,21,27,279,234,342,289,310,261
205,10.25,9,9,463,201,530,263,496,232
205,10.25,22,28,434,140,493,192,463,166
205,10.25,8,8,477,144,526,184,501,164
205,10.25,14,14,121,114,182,202,151,158
205,10.25,15,15,463,181,574,263,518,222
205,10.25,11,11,59,162,114,208,86,185
205,10.25,10,10,507,181,574,251,540,216
206,10.3,1,1,205,209,283,301,244,255
206,10.3,2,2,292,114,353,167,322,140
206,10.3,3,3,232,160,308,225,270,192
206,10.3,5,5,233,112,293,178,263,145
206,10.3,6,6,33,189,100,256,66,222
206,10.3,7,7,86,188,132,300,109,244
206,10.3,12,12,106,146,156,218,131,182
206,10.3,21,27,280,234,342,288,311,261
206,10.3,9,9,463,201,530,263,496,232
206,10.3,22,28,434,141,493,192,463,166
206,10.3,8,8,481,144,527,184,504,164
206,10.3,14,14,121,114,182,202,151,158
206,10.3,15,15,463,180,574,263,518,221
206,10.3,11,11,60,161,110,206,85,183
206,10.3,10,10,507,181,574,251,540,216
207,10.35,1,1,205,210,283,300,244,255
207,10.35,2,2,292,114,353,167,322,140
207,10.35,3,3,232,160,308,226,270,193
207,10.35,5,5,233,112,293,178,263,145
207,10.35,6,6,33,188,100,255,66,221
207,10.35,7,7,86,188,132,300,109,244
207,10.35,12,12,106,145,156,218,131,181
207,10.35,21,27,279,234,342,288,310,261
207,10.35,9,9,463,201,530,263,496,232
207,10.35,22,28,434,143,492,192,463,167
207,10.35,8,8,482,144,528,184,505,164
207,10.35,14,14,121,114,182,202,151,158
207,10.35,15,15,464,181,574,259,519,220
207,10.35,11,11,60,160,113,206,86,183
207,10.35,10,10,512,181,574,250,543,215
208,10.4,1,1,205,210,283,300,244,255
208,10.4,2,2,292,114,353,167,322,140
208,10.4,3,3,232,160,308,227,270,193
208,10.4,5,5,233,112,293,178,263,145
208,10.4,6,6,32,188,100,255,66,221
208,10.4,7,7,86,188,132,300,109,244
208,10.4,12,12,108,145,156,217,132,181
208,10.4,21,27,279,234,342,289,310,261
208,10.4,9,9,463,201,530,263,496,232
208,10.4,22,28,434,145,492,191,463,168
208,10.4,8,8,485,144,527,184,506,164
208,10.4,14,14,121,114,182,202,151,158
208,10.4,15,15,464,180,574,256,519,218
208,10.4,11,11,60,158,114,206,87,182
208,10.4,10,10,508,181,573,250,540,215
209,10.45,1,1,205,210,282,299,243,254
209,10.45,2,2,292,114,353,167,322,140
209,10.45,3,3,232,160,308,227,270,193
209,10.45,5,5,233,112,293,178,263,145
209,10.45,6,6,31,187,96,253,63,220
209,10.45,7,7,85,188,132,300,108,244
209,10.45,12,12,111,145,156,218,133,181
209,10.45,21,27,279,234,342,288,310,261
209,10.45,9,9,463,201,529,263,496,232
209,10.45,22,28,434,145,492,191,463,168
209,10.45,8,8,486,144,525,184,505,164
209,10.45,14,14,121,114,182,202,151,158
209,10.45,15,15,466,181,573,254,519,217
209,10.45,11,11,60,157,115,206,87,181
209,10.45,10,10,508,181,573,250,540,215
210,10.5,1,1,205,210,282,299,243,254
210,10.5,2,2,292,114,353,167,322,140
210,10.5,3,3,232,160,308,228,270,194
210,10.5,5,5,233,112,293,178,263,145
210,10.5,6,6,30,187,98,253,64,220
210,10.5,7,7,85,188,132,300,108,244
210,10.5,12,12,112,144,155,217,133,180
210,10.5,21,27,279,234,342,288,310,261
210,10.5,9,9,463,201,530,263,496,232
210,10.5,22,28,434,144,493,191,463,167
210,10.5,8,8,487,144,522,184,504,164
210,10.5,14,14,121,115,182,202,151,158
210,10.5,11,11,59,155,114,206,86,180
210,10.5,10,10,507,180,572,250,539,215
211,10.55,1,1,205,210,283,299,244,254
211,10.55,2,2,292,114,353,167,322,140
211,10.55,3,3,232,160,308,228,270,194
211,10.55,5,5,233,113,293,178,263,145
211,10.55,6,6,29,187,99,254,64,220
211,10.55,7,7,85,188,132,300,108,244
211,10.55,12,12,112,144,155,217,133,180
211,10.55,21,27,279,234,342,288,310,261
211,10.55,9,9,463,201,531,263,497,232
211,10.55,22,28,434,143,493,190,463,166
211,10.55,8,8,487,144,521,184,504,164
211,10.55,14,14,122,115,182,202,152,158
211,10.55,11,11,60,154,114,206,87,180
211,10.55,10,10,506,180,572,251,539,215
212,10.6,1,1,204,211,283,299,243,255
212,10.6,2,2,292,114,353,167,322,140
212,10.6,3,3,232,160,308,228,270,194
212,10.6,5,5,233,113,293,178,263,145
212,10.6,6,6,27,187,100,254,63,220
212,10.6,7,7,85,188,132,300,108,244
212,10.6,12,12,110,144,155,217,132,180
212,10.6,21,27,279,234,342,288,310,261
212,10.6,9,9,463,201,531,263,497,232
212,10.6,22,28,434,141,494,189,464,165
212,10.6,8,8,488,144,521,184,504,164
212,10.6,14,14,122,115,182,202,152,158
212,10.6,11,11,60,152,114,205,87,178
212,10.6,10,10,507,180,572,251,539,215
213,10.65,1,1,205,211,284,299,244,255
213,10.65,2,2,292,114,353,167,322,140
213,10.65,3,3,232,160,309,229,270,194
213,10.65,5,5,233,113,293,178,263,145
213,10.65,6,6,26,187,100,254,63,220
213,10.65,7,7,85,188,132,300,108,244
213,10.65,12,12,111,144,155,217,133,180
213,10.65,21,27,279,234,342,288,310,261
213,10.65,9,9,463,201,530,263,496,232
213,10.65,22,28,434,140,494,189,464,164
213,10.65,8,8,488,144,521,184,504,164
213,10.65,14,14,122,115,182,202,152,158
213,10.65,11,11,60,150,114,205,87,177
213,10.65,10,10,506,180,572,251,539,215
213,10.65,15,15,466,180,572,254,519,217
214,10.7,1,1,205,212,284,298,244,255
214,10.7,2,2,292,114,353,167,322,140
214,10.7,3,3,232,160,309,231,270,195
214,10.7,5,5,233,113,293,178,263,145
214,10.7,6,6,25,188,100,254,62,221
214,10.7,7,7,85,188,132,300,108,244
214,10.7,12,12,111,143,155,216,133,179
214,10.7,21,27,279,234,342,288,310,261
214,10.7,9,9,463,202,529,263,496,232
214,10.7,22,28,434,139,494,190,464,164
214,10.7,8,8,488,144,521,184,504,164
214,10.7,14,14,122,115,182,202,152,158
214,10.7,11,11,60,149,114,204,87,176
214,10.7,10,10,506,180,573,250,539,215
214,10.7,15,15,466,180,574,254,520,217
215,10.75,1,1,205,212,283,295,244,253
215,10.75,2,2,292,114,353,167,322,140
215,10.75,3,3,232,160,308,229,270,194
215,10.75,5,5,233,114,294,178,263,146
215,10.75,6,6,25,188,99,253,62,220
215,10.75,7,7,85,188,132,300,108,244
215,10.75,12,12,112,143,155,216,133,179
215,10.75,21,27,279,234,342,288,310,261
215,10.75,9,9,463,202,529,263,496,232
215,10.75,22,28,434,143,493,189,463,166
215,10.75,8,8,488,144,522,184,505,164
215,10.75,14,14,122,115,182,202,152,158
215,10.75,11,11,61,147,114,203,87,175
215,10.75,10,10,503,180,575,251,539,215
215,10.75,15,15,465,180,575,255,520,217
216,10.8,1,1,205,213,284,294,244,253
216,10.8,2,2,292,114,353,167,322,140
216,10.8,3,3,232,160,308,228,270,194
216,10.8,5,5,233,113,294,178,263,145
216,10.8,6,6,24,188,97,251,60,219
216,10.8,7,7,84,188,132,300,108,244
216,10.8,12,12,112,143,155,216,133,179
216,10.8,21,27,279,234,342,288,310,261
216,10.8,9,9,463,201,529,263,496,232
216,10.8,22,28,434,146,493,189,463,167
216,10.8,8,8,479,144,521,184,500,164
216,10.8,14,14,121,114,182,202,151,158
216,10.8,11,11,61,146,115,202,88,174
216,10.8,10,10,503,180,577,252,540,216
216,10.8,15,15,464,180,577,255,520,217
217,10.85,1,1,205,214,283,294,244,254
217,10.85,2,2,292,114,353,167,322,140
217,10.85,3,3,232,160,308,227,270,193
217,10.85,5,5,232,114,294,178,263,146
217,10.85,6,6,24,188,98,252,61,220
217,10.85,7,7,84,188,132,300,108,244
217,10.85,12,12,112,143,155,216,133,179
217,10.85,21,27,279,234,342,288,310,261
217,10.85,22,28,434,148,492,189,463,168
217,10.85,8,8,475,144,522,184,498,164
217,10.85,14,14,121,114,182,202,151,158
217,10.85,11,11,61,145,115,202,88,173
217,10.85,15,15,464,180,578,260,521,220
218,10.9,1,1,204,215,283,297,243,256
218,10.9,2,2,292,114,353,167,322,140
218,10.9,3,3,232,160,308,227,270,193
218,10.9,5,5,232,114,295,178,263,146
218,10.9,6,6,24,188,99,252,61,220
218,10.9,7,7,84,188,132,300,108,244
218,10.9,12,12,111,143,155,217,133,180
218,10.9,21,27,278,234,342,289,310,261
218,10.9,22,28,434,149,493,188,463,168
218,10.9,8,8,474,144,521,184,497,164
218,10.9,14,14,121,114,182,202,151,158
218,10.9,11,11,61,144,115,202,88,173
218,10.9,15,15,463,180,578,262,520,221
219,10.95,1,1,203,216,283,299,243,257
219,10.95,2,2,292,114,353,167,322,140
219,10.95,3,3,232,160,308,227,270,193
219,10.95,5,5,232,114,296,178,264,146
219,10.95,6,6,24,188,100,253,62,220
219,10.95,7,7,84,188,132,300,108,244
219,10.95,12,12,111,142,155,216,133,179
219,10.95,21,27,278,234,342,288,310,261
219,10.95,22,28,434,150,493,188,463,169
219,10.95,8,8,473,144,521,184,497,164
219,10.95,14,14,121,114,182,202,151,158
219,10.95,11,11,61,144,115,201,88,172
219,10.95,15,15,463,181,579,262,521,221
219,10.95,9,9,463,200,531,263,497,231
